"id","city_name"
1,N/A
2,"Armonk, New York"
3,Chicago
4,Houston
5,Austin
6,Dublin 2
7,Redmond
8,Worldwide
9,Munich
10,"0"
11,Dallas
12,Santa Clara
13,Kista
14,San Jose
15,New York
16,Espoo
17,London
18,Eindhoven
19,Amsterdam
20,Basking Ridge
21,Walldorf
22,Cincinnati
23,Charlotte
24,New Brunswick
25,Zurich
26,Washington
27,San Francisco
28,Blackfriars
29,Tokyo
30,San Diego - US | Tokyo - JP
31,Culver City
32,"95877 Bezons"
33,Frankfurt am Main
34,Blue Bell
35,Bangalore
36,Sunnyvale
37,Burbank
38,Boston
39,Wright-Patterson AFB
40,Mumbai
41,Ft. Meade
42,Norwalk
43,Richardson
44,Arlington
45,Bellevue
46,Vevey
47,Brentford
48,Toronto
49,McLean
50,Basel
51,Falls Church
52,Montreal
53,Purchase
54,Mountain View
55,Redwood City
56,Nürnberg
57,Roseland
58,San Diego
59,Detroit
60,Dearborn
61,Rahway
62,Cary
63,Morristown
64,Lexington
65,Paris
66,Greater Chicago Area
67,Rochester
68,Atlanta
69,Chesterfield
70,Oakland
71,Seattle
72,Switzerland 🇨🇭 
73,Cambridge
74,Abbott Park
75,Reston
76,Mechanicsville
77,Palo Alto
78,Marlborough
79,Indianapolis
80,Coraopolis
81,Memphis
82,Teaneck
83,Menlo Park
84,Philadelphia
85,Noida
86,Lawrence Township
87,Stanford
88,Milwaukee
89,Paris La Défense Cedex
90,New York City
91,Englewood Cliffs
92,Northbrook
93,Minneapolis
94,Newark
95,Westlake
96,St Paul
97,Los Angeles
98,Leverkusen
99,Irving
100,Fairfax
101,Lausanne
102,Meudon
103,Utrecht
104,Denver
105,Beaverton
106,Stamford
107,Madison
108,Schaffhausen
109,Thousand Oaks
110,Göteborg
111,Gothenburg
112,Greensboro
113,Eskilstuna
114,Plano
115,Parsippany
116,Richfield
117,"Neubiberg, München"
118,Hanover
119,Wilmington
120,Dublin
121,Foster City
122,San Ramon
123,Melville
124,Grasbrunn
125,Bagsværd
126,Winston-Salem
127,Cork
128,Columbus
129,South San Francisco
130,Chandler
131,Troy
132,Bethesda
133,Diemen
134,Rueil Malmaison
135,Deerfield
136,Bloomington
137,Jacksonville
138,East Hartford
139,Saint-Ouen
140,Schaumburg
141,Hartford
142,Alphen aan den Rijn
143,Bloomfield
144,Ann Arbor
145,Costa Mesa
146,Benton Harbor
147,Midland
148,Irvine
149,Montrouge
150,CH-1009 PULLY/LAUSANNE
151,Peachtree City
152,Ludwigshafen
153,Dallas-Fort Worth
154,Fort Lauderdale
155,Bentonville
156,Champaign
157,Sacramento
158,Wayzata
159,Waterloo
160,Milpitas
161,Montréal
162,Conway
163,Delft
164,St. Louis
165,Bayport
166,Newcastle upon Tyne
167,Addison
168,Santa Cruz
169,Davis
170,Sydney
171,Van Buren Township
172,Fremont
173,Newton
174,Boise
175,Malvern
176,Modesto
177,North Reading
178,Courbevoie
179,Walnut Creek
180,Santa Monica
181,Framingham
182,Pittsburgh
183,Phoenix
184,Issy-les-Moulineaux
185,Pune
186,Tampa
187,Waltham
188,San Carlos
189,Slough
190,Franklin Lakes
191,Boca Raton
192,Burgess Hill
193,Quincy
194,Davidson
195,Minneapolis and St. Paul
196,"Dublin, Ireland"
197,Evanston
198,El Segundo
199,"Mortsel, Belgium"
200,Ingelheim am Rhein
201,Woodland Hills
202,Cleveland 
203,The Hague
204,Nordborg
205,Mayfield Village
206,Bonn
207,Kalamazoo
208,Exton
209,Mentor
210,Vernon Hills
211,Providence
212,Haslet
213,La Jolla
214,Needham
215,Bozeman
216,"92866 Issy les Moulineaux Cedex 9"
217,Louisville
218,Stockholm
219,Zug
220,Addlestone
221,Burlington
222,Ithaca
223,Baltimore
224,Raleigh
225,Windsor
226,Germantown
227,Centennial
228,Hatfield
229,Bristol
230,Nashville
231,Brentwood
232,Springfield
233,Fort Mill
234,College Park
235,Beijing
236,University Park
237,Hershey
238,Kansas City
239,San Mateo
240,Corning
241,Moon Township
242,Southfield 
243,Dayton
244,Billund
245,L-1160 Luxembourg
246,Friedrichshafen
247,Herzogenaurach
248,Chapel Hill
249,Riverwoods
250,Boulder
251,Moline
252,LONDON
253,Lake Forest
254,Veldhoven
255,Akron
256,Philadelphia 
257,Durham
258,Nanterre
259,New Haven
260,Glendale
261,Torrance
262,Clermont-Ferrand
263,Brussels
264,Geneva
265,Mooresville
266,Milano
267,Allentown
268,Oslo
269,St. Petersburg
270,São José dos Campos
271,Greenwood Village
272,Birmingham
273,Rockland
274,Aarhus
275,Tempe
276,Englewood
277,Charlottesville
278,Radnor
279,Nuremberg
280,Humlebæk
281,Des Moines
282,Monterrey
283,Høvik
284,Duluth
285,Orange
286,Bedford
287,Miami
288,North Canton
289,San Antonio
290,Worcester
291,Camden
292,Edison
293,Schindellegi
294,College Station
295,Shelton
296,Valby
297,Cleveland
298,Silver Spring
299,Woonsocket
300,Salt Lake City
301,St. Paul
302,Richland
303,Secaucus
304,Hoboken
305,Glen Allen
306,Watford
307,Oaks
308,Ramsey
309,St Petersburg
310,Chantilly
311,Diamond Bar
312,Pawtucket
313,Newtown
314,Campbell
315,Livermore
316,Meyrin
317,Carmel
318,Mason
319,Lund
320,Abingdon
321,Weybridge
322,Maumee
323,Beverly Hills
324,Dhahran
325,XiZhi District
326,Lisle
327,Atsugi-shi
328,Southborough
329,Little Rock
330,Westminster
331,Sandviken
332,Bridgewater
333,Dresher
334,Bjerringbro
335,Naperville
336,Egham
337,Hedehusene
338,Elmhurst
339,Redlands
340,Toledo
341,Boulogne-Billancourt Cedex
342,Los Alamos
343,Merrimack
344,Santa Barbara
345,Horsholm
346,Albuquerque
347,Columbia
348,Herndon
349,Senningerberg
350,"Washington, DC"
351,Johnstown
352,Westfield Center
353,Mountlake Terrace
354,Portland
355,Neenah
356,Norwich
357,Jersey City
358,Andover
359,The Woodlands
360,Richmond
361,Kohler
362,Lake Zurich
363,Sandton
364,Menomonee Falls
365,Westchester
366,Reading
367,Overland Park
368,Carlsbad
369,Naas
370,Kgs. Lyngby
371,Research Triangle Park
372,Hoffman Estates
373,Knoxville
374,Livonia
375,Global
376,Lincoln
377,Lancaster
378,Hørsholm
379,Johnston
380,Omaha
381,North Bethesda
382,Dodgeville
383,Alpharetta
384,Ebikon
385,Mettawa
386,Valhalla
387,Marshall
388,Stillwater
389,Los Gatos
390,Cham
391,Pittsford (Rochester)
392,Calabasas
393,Gaithersburg
394,Lübeck
395,"Hinjawadi, Pune"
396,Salem
397,Warsaw
398,Maywood
399,Pasadena
400,Mechanicsburg
401,Canonsburg
402,Rolling Meadows
403,Rosebank
404,Downers Grove
405,Niles
406,Casellina di Scandicci
407,Cranberry Township
408,Brook Green
409,Nutley
410,North Sydney
411,Libertyville
412,Calgary
413,Port Washington
414,Morgantown
415,Bethlehem
416,Oakbrook Terrace
417,New Orleans
418,Neuilly sur Seine
419,Bucuresti
420,Spartanburg
421,Oklahoma City
422,Orlando
423,Cedar Rapids
424,Monett
425,Singapore
426,Piscataway
427,München
428,St Louis
429,Grand Rapids
430,Auburn
431,Des Plaines
432,Middleton
433,Albany
434,Levallois-Perret
435,Zwevegem
436,London 
437,Minnesota
438,Lakeland
439,Laurel
440,Croydon
441,Hartsville
442,East Melbourne
443,Rye Brook
444,Lynnwood
445,Melbourne
446,Fort Collins
447,Daytona Beach
448,Fort Worth
449,Foothill Ranch
450,Rome
451,Bredebro
452,Liberty Lake
453,Riverside
454,LEVALLOIS-PERRET
455,Fayetteville
456,Ipswich
457,San Rafael
458,N Logan
459,Auburn Hills
460,Arden Hills
461,Westbrook
462,Newport Beach
463,Windhof
464,Alameda
465,Wickliffe
466,Jefferson City
467,Chanhassen
468,Del Mar
469,Las Vegas
470,Berwyn
471,Ewing
472,Berlin
473,Wayne
474,"International, global"
475,Danbury
476,Sussex
477,Goodlettsville
478,Brighton
479,Perrysburg
480,Venlo
481,Philadelpia
482,Hingham
483,Bolton
484,Fairbanks
485,Westlake Village
486,Anchorage
487,Marseille
488,Bowling Green
489, Hicksville
490,North Ryde
491,East Moline
492,Quarry Bay
493,Boulogne Billancourt
494,Billerica
495,Kingston
496,Fullerton
497,Savannah
498,Männedorf
499,Chicago 
500,Stockton
501,Batavia
502,Green Bay
503,Chuo-ku 
504,Horsham
505,Linköping
506,Long Beach
507,Southfield
508,San Leandro
509,Hsinchu
510,Medina
511,Lippstadt
512,Henderson
513,Yonkers
514,Somerset
515,Copenhagen Ø
516,Independence
517,Stavanger
518,Maryland Heights
519,Dalton
520,Essen 
521,Littleton
522,Vadnais Heights
523,Betzdorf
524,Hattiesburg
525,Hong Kong
526,Anaheim
527,Olathe
528,Frisco
529,Adelphi
530,Rancho Cordova
531,Northfield
532,Norfolk
533,Edmonton
534,Holzminden
535,Dublin 
536,São Paulo
537,Watertown
538,California
539,Williamsburg
540,Montvale
541,Glenview
542,Lynchburg
543,Topeka
544,Saint Louis
545,Alexandria
546,Pella
547,Chevy Chase
548,Jasper
549,Iselin
550,Kennesaw
551,Brea
552,Aberdeen
553,"24040"
554,Peachtree Corners
555,Colombes Cedex
556,Ypsilanti
557,Puteaux
558,Chico
559,Greater Copenhagen
560,Spring
561,"Kgs. Lyngby, Copenhagen"
562,Trevose
563,Schenectady
564,Minnetonka
565,Helsinki
566,"75017 PARIS"
567,Milan
568,King of Prussia
569,Wood Dale
570,Hyvinkaa
571,Bala-Cynwyd
572,Montabaur
573,Baton Rouge
574,Miami Lakes
575,Farmingdale
576,Buchs/Aarau
577,Nottingham
578,Valcourt
579,Centreville
580,Clearwater
581,National City
582,Northville
583,Remote
584,Conshohocken
585,Camarillo
586,Chattanooga
587,Solon
588,Orrville
589,Horsforth
590,Biberach
591,Eden Prairie
592,Zurich Airport
593,University
594,Rockville
595,Frankenthal
596,Rehovot
597,Franklin
598,Evansville
599,Castle Rock
600,Mount Laurel
601,Honolulu
602,Minato-ku
603,Paris La Défense
604,Canton
605,Carthage
606,Golden
607,United States
608,Graz
609,Craigavon
610,Zamudio
611,Ponte Vedra Beach
612,Tulsa
613,Perth
614,Vienna
615,Tallahassee
616,Keene
617,Buffalo
618,Roma
619,"Washington, D.C."
620,Monrovia
621,Mendota Heights
622,Radnor Township
623,Tacoma
624,Alsip
625,Saint Louis Park
626,Middleboro-Lakeville
627,Brooklyn
628,Salzburg
629,Towson
630,Marriottsville
631,West Des Moines
632,Monroe
633,Idaho Falls
634,Rosemont
635,Stevens Point
636,Waldkirch
637,Mississauga
638,University of Richmond
639,Concord
640,Laval
641,Wetzlar
642,Lebanon
643,New Hartford
644,Copenhagen
645,Watsonville
646,Groton
647,Vernier
648,Greeley
649,Pleasant Prairie
650,Midvale
651,Salisbury
652,Upton
653,Danvers
654,Aliso Viejo
655,Montclair
656,Sparks
657,Sidney
658,Novato
659,Lake Mary
660,Copenhagen V
661,Hollywood
662,Woodridge
663,Cockeysville
664,Southport
665,Uppsala
666,Wyomissing
667,Dumbarton
668,Medford
669,Northlake
670,Racine
671,Hamilton
672,Princeton
673,Temple
674,Manhattan Beach
675,Tallinn
676,East Rutherford
677,Victor
678,Tarrytown
679,Hyderabad
680,Martinez
681,Villanova
682,Ottawa
683,Delaware
684,Coburg
685,Oak Brook
686,Aurora
687,MA
688,Fort Smith
689,"3801 S Oliver St"
690,Williamstown
691,Eagan
692,Colorado Springs
693,Weinheim
694,Findlay
695,Loveland
696,Cottage Grove
697,Tukwila
698,Bolingbrook
699,DFW Airport
700,Limelette
701,Katy
702,Kingsey Falls
703,Bronx
704,West Orange
705,Norwell
706,Paducah
707,Doral
708,Scottsdale
709,City of Industry
710,Erie
711,Holmdel
712,Woodbridge Township
713,Belmont
714,Paramus
715,Branchville
716,Batesville
717,Wisconsin Rapids
718,Arteixo
719,Conklin
720,Kenosha
721,Scarborough
722,Coral Gables
723,Bothell
724,Glen Ellyn
725,"Wimbledon, London"
726,Sunderland
727,Lubbock
728,Aalst-Erembodegem
729,Fairhaven
730,Ballerup
731,Wan Chai
732,Draper
733,Novi
734,Madrid
735,Macclesfield
736,Miramar
737,Tucson
738,Pullman
739,Hilliard
740,Middletown
741,Hamburg
742,Göttingen
743,Hurst
744,Bannockburn
745,Dallas 
746,Marietta
747,Milford
748,Monterey
749,Sesto San Giovanni
750,Terrell
751,West Hills
752,Malmo
753,Somerville
754,CH-4665
755,Padova
756,Chennai
757,Galveston
758,Vancouver
759,Woodcliff Lake
760,Plainsboro
761,Broomfield
762,West Chester
763,Sant Cugat del Vallès
764,Chester
765,Cottonwood Heights
766,Woodinville
767,Pullach
768,HONOLULU
769,Cobham
770,Pleasanton
771,Givat Shmuel
772,Auckland
773,Sterling
774,Zeeland
775,Universal City
776,Bar Harbor
777,Burgos
778,Belfast
779,Hsin-Chu
780,Brunswick
781,Ota-ku
782,McConnellsburg
783,Rancho Santa Margarita
784,Rockleigh
785,Vermillion
786,Fresno
787,Coppell
788,Neutraubling
789,Jönköping
790,Owatonna
791,Rosemead
792,South Jordan
793,Villa de Garcia
794,Waukesha
795,Highlands Ranch
796,Tustin
797,Rutherford
798,New Bremen
799,Fort Myers
800,Colmar
801,Brisbane
802,Itasca
803,Le Mars
804,Quesnel
805,Rochelle Park
806,Portsmouth
807,Plymouth
808,Edmond
809,Pennsauken Township
810,Parkville
811,Annapolis
812,Romeoville
813,Carson
814,Holyoke
815,Fairlawn
816,North Kansas City
817,Bridgeton
818,Meridian
819,Newport News
820,Little Ferry
821,Olney
822,West Sacramento
823,Norcross
824,Golden Valley
825,Mobile
826,Brockport
827,West Bend
828,Rock Island
829,Chestertown
830,San Marcos
831,Coralville
832,Long Island City
833,Pearland
834,Harahan
835,Washington DC
836,White Plains
837,Easton
838,Virginia Beach
839,Charleston
840,Lynwood
841,Lewisville
842,Chatsworth
843,Napa
844,South Weymouth
845,St. Helena
846,Ventura
847,Lakeville
848,Tysons Corner
849,Folsom
850,Boone
851,Garden Grove
852,Medway
853,Fountain Valley
854,Sunrise
855,Wilmslow
856,Taipei
857,Stephenville
858,Manassas
859,Spokane
860,Warroad
861,Escondido
862,Genève
863,Hauppauge
864,Wakefield
865,Slippery Rock
866,Seffner
867,Issaquah
868,Asheville
869,Ft. Myers/Cape Coral
870,Wheaton
871,Hatboro
872,Sugar Land
873,Denton
874,Kettering
875,Sandy
876,Warren
877,Lincolnshire
878,PARIS
879,North Syracuse
880,Billericay
881,Saint Paul
882,Brookfield
883,Carrollton
884,Camas
885,East Taunton
886,"Waltham, MA"
887,Greenville
888,Hiram
889,New Castle
890,Ontario
891,"US, Europe, Asia-Pac"
892,Metairie
893,El Paso
894,Riverdale
895,Menomonie
896,Maple Grove
897,Merrillville
898,Nashua
899,Audubon
900,Meriden
901,Corporate Headquarters: Bermuda
902,Conyers
903,Warrendale
904,Huntington Beach
905,Monmouth
906,Sheboygan Falls
907,Acton
908,Grove City
909,Harrisburg
910,West Hollywood
911,Rock Hill
912,Jackson
913,Colchester
914,Liverpool
915,Chiyoda-ku
916,Guelph
917,Villepinte
918,Interlochen
919,Farmington Hills
920,Berea
921,Cedar City
922,Egg Harbor Township
923,Brockton
924,New Albany
925,Robbinsdale
926,Leawood
927,Burnley
928,Winchester
929,Paris 
930,Lafayette
931,Pierre
932,New Jersey
933,West Palm Beach
934,Palmyra
935,Ball Ground
936,Greer
937,Burnsville
938,Mayfield Heights
939,Moncks Corner
940,Sioux Falls
941,Wylie
942,Dulles
943,North Carolina
944,Ashburn
945,San Clemente
946,Corpus Christi
947,Mannheim
948,York
949,Georgetown
950,Lawrenceville
951,Florham Park
952,Reno
953,Mt. Kisco
954,New York Metro
955,Gainesville
956,Braintree
957,Santa Ana
958,Clayton
959,Edina
960,SANTA CLARA
961,Warminster
962,Bötzingen
963,Walpole
964,Surprise
965,Pittsford
966,Buena Park
967,Postbus 3130
968,Randolph
969,Bennington
970,Goleta
971,Corvallis
972,Arnsberg
973,Burr Ridge
974,Coronado
975,Muncie
976,Lenexa
977,Southampton
978,Le Brassus
979,Plan-les-Ouates
980,Edgewood
981,Smithfield
982,City of London
983,Hudson
984,Montpelier
985,Stow
986,Leeds
987,Kent
988,Saint-Laurent 
989,Ridgeland
990,info.desk@barentz.com
991,Moorestown
992,Newtown Square
993,Danville
994,Luxembourg
995,Corona
996,Portage
997,Kearney
998,Lestrem
999,Clinton
1000,Tucker
1001,Leesburg
1002,West Columbia
1003,Foxboro
1004,Bel Air
1005,Orly
1006,Ellicott City
1007,Zephyr Cove
1008,Bridgewater Township
1009,Bethpage
1010,Petaluma
1011,Culver
1012,Media
1013,Leeꞌs Summit
1014,Augusta
1015,Hopkins
1016,Cherry Hill
1017,Atherton
1018,North Mankato
1019,Valley City
1020,Rancho Mirage
1021,Blaine
1022,Prior Lake
1023,Versailles
1024,Suffolk
1025,Toms River
1026,UK and International
1027,Sarasota
1028,Wichita
1029,Town of Mount-Royal
1030,Evans
1031,Fond du Lac
1032,Wellesley
1033,Oxford
1034,Westmont
1035,Fort Washington
1036,Sylvania
1037,Hailey
1038,Appleton
1039,Plantation
1040,Sheboygan
1041,Reykjavik
1042,Rosemont 
1043,Davenport
1044,"Washington, DC 20005"
1045,Roanoke
1046,Almelo
1047,Thomasville
1048,Pittston
1049,Thornton
1050,Homestead
1051,Fort Wayne
1052,Maastricht
1053,State College
1054,Shreveport
1055,Corsicana
1056,Laverton North
1057,Denville
1058,Waregem
1059,Johns Creek
1060,Santa Fe
1061,La Canada
1062,Naples
1063,Cooperstown
1064,Exeter
1065,Royal Oak
1066,East Boston
1067,Steubenville
1068,Emmitsburg
1069,Bedminster
1070,West Conshohocken
1071,La Mirada
1072,Fairfield
1073,Pomona
1074,Altoona
1075,Emeryville
1076,Genova
1077,Malmö
1078,Whitehall
1079,Boulogne-Billancourt
1080,Oxnard
1081,Westborough
1082,Baar
1083,Lima
1084,Bakersfield
1085,Anoka
1086,Maryville
1087,Fairport
1088,San Antonio 
1089,Elizabeth City
1090,Thief River Falls
1091,Dubai
1092,Kokomo
1093,Birchwood
1094,Manchester
1095,Chippewa Falls
1096,Agoura Hills
1097,LAWRENCEVILLE
1098,Stuart
1099,Kings Langley
1100,Lansing
1101,Leatherhead
1102,Tysons
1103,Highland Park
1104,Everett
1105,Spencer
1106,Ocoee
1107,Hyannis
1108,Solna
1109,West Hartford
1110,Warrenville
1111,Great Neck
1112,Riceboro
1113,Elkridge
1114,London | New York | San Francisco
1115,Souderton
1116,Jeffersonville
1117,Ogden
1118,Jupiter
1119,Boston 
1120,Trumbull
1121,Raynham
1122,Hastings
1123,Hebron
1124,Keuka Park
1125,Hilversum
1126,Deerfield Beach
1127,Oskaloosa
1128,Morton
1129,Union
1130,Miami Beach
1131,Harrison
1132,Michigan City
1133,Farmers Branch 
1134,New Berlin
1135,Claremont
1136,Glen Rock
1137,Ripon
1138,Fargo
1139,South Brisbane
1140,Sandy Springs
1141,"Kidlington, Oxford"
1142,Broadview Heights
1143,Greeneville
1144,Sycamore
1145,Kerrville
1146,Lake Ronkonkoma
1147,Bloomfield Hills
1148,Gallatin
1149,Vadodara
1150,Zofingen
1151,Galena
1152,Woburn
1153,O'Fallon
1154,Chuo-ku
1155,Galt
1156,Rapid City
1157,Maitland
1158,Suite 500
1159,Kirkland
1160,Augsburg
1161,Victoria
1162,Le Bar-sur-Loup
1163,Porto Alegre
1164,Elwood
1165,Racine 
1166,Carpinteria
1167,South Bend
1168,Franklin Park
1169,Beloit
1170,Seguin
1171,Crockett
1172,Bryn Mawr
1173,Port Charlotte
1174,Encinitas
1175,Battle Creek
1176,Flemington
1177,South Sioux City
1178,Monaco
1179,Broadgate
1180,Gaffney
1181,Danboro
1182,Karlskrona
1183,Grants Pass
1184,McClellan
1185,Crystal Lake
1186,Lacey
1187,Juneau
1188,Temecula
1189,Three Chopt
1190,Garner
1191,Fort Lee
1192,McKinney
1193,Ft. Mitchell
1194,San Luis Obispo
1195,Marshfield
1196,Hilmar
1197,Lunenburg
1198,Daejeon
1199,Traverse City
1200,Oceanside
1201,Saint John
1202,Hamel
1203,Okemos
1204,Bowie
1205,Helsingborg
1206,Leetsdale
1207,Miamisburg
1208,Valdosta
1209,New Lenox
1210,Winooski
1211,Cranbury
1212,Fairview Park
1213,Tracy
1214,Harlingen
1215,Tomball
1216,Collingwood
1217,Grand Forks
1218,Wilsonville
1219,Brillion
1220,East Dubuque
1221,Plattsburgh
1222,Commerce City
1223,Elgin
1224,Elk Grove Village
1225,Fife
1226,Harvey
1227,Woodbury
1228,Canfield
1229,Pinehurst
1230,Orem
1231,Bellingham
1232,St Joseph
1233,"Arlington, VA 22203"
1234,Roswell
1235,Mt Prospect
1236,Worthington
1237,Tigard
1238,Morrisville
1239,East Lansing
1240,Bristol Township
1241,South Burlington
1242,Wadsworth
1243,Stans
1244,"Dubuque, IA - Office"
1245,Aylesbury
1246,"Pleasanton, CA"
1247,Cypress
1248,Virginia
1249,South Pasadena
1250,Kalispell
1251,Welch
1252,Navi Mumbai
1253,New York | San Francisco | London | Paris | Bermuda
1254,Hampton
1255,Harpers Ferry
1256,River Heights
1257,Johnson CIty
1258,Southlake
1259,Enterprise
1260,Yakima
1261,Gresham
1262,Bietigheim-Bissingen
1263,La Crosse
1264,Rancho Cucamonga
1265,De Pere
1266,Oshkosh
1267,Vaduz
1268,Serving Clients Across the US
1269,Pontiac
1270,Plymouth Meeting
1271,SCHAUMBURG
1272,Peoria
1273,Middleburg Hts
1274,Florence
1275,Coquitlam
1276,Sayreville
1277,Solana Beach
1278,Huntsville
1279,St. Cloud
1280,Bingham Farms
1281,Clackamas
1282,Tillamook
1283,Oldsmar
1284,Clarksville
1285,Gurnee
1286,Vacaville
1287,Redding
1288,Freehold
1289,Shoreview
1290,La Vergne
1291,Valencia
1292,Saxonburg
1293,Wall Township
1294,Carson City
1295,Multiple Locations
1296,Cabin John
1297,Irvington
1298,Peterborough
1299,Helena
1300,Upland
1301,Lonoke
1302,Bath
1303,Delphos
1304,Ridgewood
1305,Misgav industrial center
1306,ANDHERI EAST
1307,Westfield
1308,Plainville
1309,Elkhorn
1310,Dublin 4
1311,DeRidder
1312,Chino Hills
1313,McDonough
1314,Beverly
1315,Chaska
1316,Syracuse
1317,Westford
1318,Short Hills
1319,Mariposa
1320,Rockville Centre
1321,University City
1322,Mies
1323,Suite 270
1324,Babylon
1325,UK | EMEA | US | APAC
1326,Weslaco
1327,Barcelona
1328,Normal
1329,Scranton
1330,Dover
1331,Eugene
1332,Greenwich
1333,Bergen
1334,Milwaukie
1335,Reinbeck
1336,Elkhart
1337,Pinellas Park
1338,Stäfa
1339,Red Wing
1340,Maia
1341,Luton
1342,Middleburg Heights
1343,New Bedford
1344,Brampton
1345,Gunnison
1346,Mt. Laurel
1347,Guilford
1348,Patchogue
1349,Wausau
1350,Hayward
1351,Lewiston
1352,Canaan
1353,Budapest
1354,Stuttgart
1355,Merrill
1356,Woodbine
1357,Champlin
1358,Sherman Oaks
1359,Sullivan
1360,St Clair Shores
1361,Sint-Pieters-Woluwe
1362,"Mercer Island, WA"
1363,Lawton
1364,North Miami Beach
1365,Lakewood
1366,Princeton Junction
1367,Mondovi
1368,Roseville
1369, Schwäbisch Hall 
1370,Benicia
1371,Hallandale
1372,Millbrae
1373,Hickory
1374,Newington
1375,Dania Beach
1376,Sand Springs
1377,Garden City
1378,Newburyport
1379,Lynnfield
1380,Laramie
1381,Big Sky
1382,Farmers Branch
1383,Austell
1384,Topsham
1385,Lanham
1386,Ambler
1387,North Andover
1388,Elmwood Park
1389,Haltom City
1390,-
1391,Waterford
1392,Clark
1393,Hackensack
1394,Bountiful
1395,Powell
1396,West Grove
1397,Germering
1398,Greater New York City
1399,South Portland
1400,French Camp
1401,Pleasant Grove
1402,Poughkeepsie
1403,Delray Beach
1404,Tuscaloosa
1405,Yorktown Heights
1406,Willoughby
1407,Oakville
1408,Frederick
1409,Holland
1410,Lynn
1411,Lansdale
1412,Camp Hill
1413,Latham
1414,Hooksett
1415,Greifensee
1416,Dodge Center
1417,St-Hyacinthe
1418,Gardena
1419,Larkspur
1420,Ft. Lauderdale
1421,Cranberry Twp
1422,Neunkirchen
1423,Salinas
1424,Liberty
1425,Crumlin
1426,Asheboro
1427,Ridgefield
1428,Siloam Springs
1429,Coachella
1430,Reynoldsburg
1431,Hongkong
1432,Kinna
1433,Hard
1434,Milton
1435,Coos Bay
1436,Libourne
1437,Cooper City
1438,Mt. Pleasant
1439,North Billerica
1440,Crawley
1441,Mequon
1442,Dana Point
1443,Sanford
1444,Glendora
1445,Stafford
1446,Birkirkara
1447,Waller
1448,Sea Girt
1449,Upper Saddle River
1450,Selby
1451,Centerville
1452,Norwood
1453,Belle Vernon
1454,Hartwell
1455,Kihei
1456,Renton
1457,Mount Prospect
1458,ANCENIS
1459,Attendorn
1460,McCook
1461,Dixon
1462,Timonium
1463,Carefree
1464,Bradenton
1465,Soquel
1466,Carpentersville
1467,Rockford
1468,Queens
1469,Woodbridge
1470,Laytonsville
1471,Smyrna
1472,Truckee
1473,"St. Clair Shores, "
1474,Natick
1475,East Greenbush
1476,Ashford
1477,Lake Oswego
1478,Wenatchee
1479,København
1480,Avondale
1481,San Dimas
1482,Ulm
1483,Etten Leur
1484,West Roxbury
1485,Cologne
1486,Lehi
1487,St. Francis
1488,Linden
1489,Silicon Valley
1490,IRVINE
1491,Cranford
1492,Holliston
1493,Huntersville
1494,Preston
1495,Lexington Park
1496,Encino
1497,Massillon
1498,Nokomis
1499,El Dorado Hills
1500,Waunakee
1501,ORLANDO
1502,Gratz
1503,Payson
1504,N Syracuse
1505,Clinton Township
1506,Rumford
1507,Wauwatosa
1508,Fishers
1509,Sunset Hills
1510,Chino
1511,Douglasville
1512,"1 Old Jewry"
1513,Mt Horeb
1514,Clarkston
1515,North Palm Beach
1516,Lone Tree
1517,Durango
1518,Orchard Park
1519,Westerville
1520,West Henrietta
1521,North Vancouver
1522,Carlstadt
1523,Superior
1524,Alachua
1525,Chamblee
1526,Merritt Island
1527,Valley Stream
1528,La Porte
1529,Hunt Valley
1530,King of Prussia 
1531,Grand Ledge
1532,Healdsburg
1533,Weston
1534,Bismarck
1535,North Hollywood
1536,Johnson City
1537,Malmesbury
1538,Kitchener
1539,Millsboro
1540,Woodmere
1541,Annapolis Junction
1542,Zürich
1543,Covington
1544,Lutz
1545,Casselberry
1546,Wilton
1547,Burlingame
1548,Mansfield
1549,Pfäffikon
1550,North Brunswick
1551,Ruston
1552,Grafton
1553,"Gaffney, SC"
1554,Bala Cynwyd
1555,Mattawan
1556,Apex
1557,Frankfort
1558,Freeport
1559,Severna Park
1560,Saginaw
1561,Gambellara
1562,Randolph AFB
1563,Forchheim
1564,"Austin, TX"
1565,Murray
1566,Ada
1567,Amherst
1568,Wallingford
1569,"200 Applied Parkway"
1570,Lemont
1571,Arcadia
1572,Almere
1573,Taipei City
1574,Pembroke
1575,Walla Walla
1576,Mechelen
1577,Marcy-l'Étoile
1578,"20+ U.S. Offices"
1579,West Fargo
1580,Chelmsford
1581,Matthews
1582,Winfield
1583,Massy 
1584,Midlothian
1585,Duarte
1586,Maxwell AFB
1587,Pratteln
1588,Bois-Colombes
1589,Bridgeville
1590,Pleasant Hill
1591,Breganze
1592,Kingsport
1593,Verona
1594,Charenton le Pont Cedex
1595,Commack
1596,Chesapeake
1597,St-Prex
1598,Livingston
1599,New York 
1600,Suresnes
1601,Wenham
1602,Suwanee
1603,"Holland, MI"
1604,Rockledge
1605,Oradell
1606,Murray 
1607,Ames
1608,Lowell
1609,Köln
1610,"100 Bishopsgate"
1611,Palau Solità i Plegamans
1612,"20+ Locations"
1613,Calhoun
1614,East Aurora
1615,Goose Creek
1616,"Boston, Los Angeles and New York"
1617,"Andover, MA"
1618,Flagstaff
1619,Center Valley
1620,pasadena
1621,SCHIPHOL OOST
1622,"St Louis, MO 63141"
1623,Devon
1624,Fuschl
1625,Corte Madera
1626,Riyadh
1627,Oudenaarde
1628,Snoqualmie
1629,"12 U.S. Cities"
1630,Winterthur
1631,La Chaux-de-Fonds
1632,Shenzhen
1633,Southgate
1634,Peabody
1635,Norcross (Atlanta)
1636,Essen
1637,Springdale
1638,Lawrence
1639,Notre Dame
1640,Norman
1641,Veghel
1642,Lombard
1643,Pullman/Spokane/Tri-Cities/Vancouver/Everett/Global
1644,Highland Hills
1645,Park City
1646,Spanish Fork
1647,Sheldon
1648,"US, Canada, UK, Japan, France, Switzerland, Singapore"
1649,Newport
1650,Altrincham
1651,East Brunswick
1652,Rancho Santa Fe
1653,Newcastle Upon Tyne
1654,Haarlem
1655,White Bear Lake
1656,Hanoi
1657,Fair Haven
1658,Bankside
1659,"30 offices"
1660,Chadds Ford
1661,Langhorne
1662,Cedar Knolls
1663,Olympia
1664,Bangor
1665,Coeur d'​ Alene
1666,Fergus Falls
1667,Bonita Springs
1668,Essex
1669,Yokohama-shi
1670,San Francisco Bay Area
1671,Crestwood
1672,Juno Beach
1673,South Plainfield
1674,"UK, Europe"
1675,Uniontown
1676,Norristown
1677,Lake Mills
1678,Budel-Dorplein
1679,Lutherville
1680,Los Altos 
1681,Gnadenhutten
1682,Van Nuys
1683,Meeker
1684,Melvindale
1685,Rush
1686,Fabriano
1687,Seraing
1688,Capability Green
1689,Malta
1690,Linthicum
1691,Gray
1692,Duncan
1693,Kernersville
1694,"UK, Europe & USA"
1695,Effingham
1696,Manhattan
1697,NEW YORK
1698,Webster
1699,Shanghai
1700,Gurgaon
1701,Fenton
1702,Berkeley
1703,Warwick
1704,Blue Ash
1705,Düsseldorf
1706,"New York, New York"
1707,Ludwigsburg
1708,Poole
1709,Lee's Summit
1710,Hammond
1711,Janesville
1712,St Louis Park
1713,Ft. Myers
1714,Fitchburg
1715,Lewis Center
1716,Greenbelt
1717,Potomac
1718,Thorofare
1719,Ballinger
1720,Streator
1721,Port Angeles
1722,Winter Garden
1723,Redhill
1724,Blacksburg
1725,Cheltenham
1726,Manistee
1727,Wimbledon
1728,Pottsville
1729,Raritan
1730,White
1731,Greensburg
1732,Winston Salem
1733,King of Prussia PA
1734,Neuhausen am Rheinfall
1735,Waukegan
1736,Gilbert
1737,Pudong
1738,Eunice
1739,Merced
1740,"Cranbury, New Jersey "
1741,Maple Plain
1742,SAINT PAUL
1743,Jeffersontown
1744,Walton-on-Thames
1745,Northampton
1746,Starkville
1747,Poway
1748,GLEN ELLYN
1749,Moka
1750,Maintal
1751,Mexico
1752,Dartford
1753,Whitsett
1754,Littleport
1755,Williamsville
1756,Wheeling
1757,Searcy
1758,Almont
1759,Magnolia
1760,St. Gallen
1761,"Provo, UT and Seattle, WA"
1762,Cedarburg
1763,Western Springs
1764,Farmington
1765,Urbandale
1766,Frankenmuth
1767,Bohemia
1768,Virginia Beach 
1769,Blacklick
1770,Greenfield
1771,Valdese
1772,Best
1773,Jefferson
1774,Paso Robles
1775,Teterboro
1776,Ft Wayne
1777,Paterson
1778,Trenton
1779,"San Ramon,"
1780,St. Augustine
1781,Armonk
1782,Mclean
1783,Union Grove
1784,Nashville-Davidson
1785,Minneapolis 
1786,Waukee
1787,Eagle
1788,Moscow
1789,Hopkinton
1790,Mount Pleasant
1791,East Orange
1792,"Elkhart, IN"
1793,Wildwood
1794,Diamond Bar.
1795,Osceola
1796,Sayre
1797,Missoula
1798,Toppenish
1799,Shelbyville
1800,"Herzliya, Israel"
1801,Marina del Rey
1802,River Forest
1803,Colwich
1804,Kaukauna
1805,Oak Ridge
1806,Rio de Janeiro
1807,Kimberton
1808,Union City
1809,Smithtown
1810,West Caldwell
1811,Guildford
1812,Beckum
1813,Great Falls
1814,Momence
1815,Tupelo
1816,Mendon
1817,Uniondale
1818,Venice
1819,Washington D.C.
1820,Monterey Park
1821,Erlanger
1822,Caguas
1823,Bethany (New Haven)
1824,Pipersville
1825,New Braunfels
1826,Oakton
1827,Cranston
1828,Jamaica
1829,Mohan Cooperative Industrial Area
1830,Loughborough
1831,Port Matilda
1832,La Plata
1833,North Little Rock
1834,Lake Success
1835,East Thetford
1836,Woking
1837,Teddington
1838,Stockton On Tees
1839,Ellisville
1840,Yardley
1841,Gorham
1842,Massapequa
1843,Pauls Valley
1844,Anderson
1845,Moncton
1846,"Surrey, BC and Raleigh, NC"
1847,Moorpark
1848,South Haven
1849,Tannersville
1850,St. Albans
1851,Little Silver
1852,Round Rock
1853,Mont-Saint-Hilaire
1854,Billings
1855,National
1856,"Latham, NY 12110"
1857,Sulphur
1858,Ballston Spa
1859,Huangpu District
1860,Fitzgerald
1861,SAN FRANCISCO
1862,Oconomowoc
1863,SeaTac
1864,Mount Clemens
1865,Cumming
1866,Farnham
1867,Millersville
1868,Dunnville
1869,Goodhue
1870,Holtsville
1871,Rego Park
1872,Downingtown
1873,Colonie
1874,Campton Hills
1875,Visalia
1876,Little Chute
1877,Metuchen
1878,Rocky Hill
1879,Williston
1880,Palmer
1881, La Crosse
1882,Sodus
1883,Doylestown
1884,Bengaluru
1885,Youngstown
1886,North Kingstown
1887,Austin (Remote) 
1888,Saint Charles
1889,Ixonia
1890,Hasselager
1891,Santa Rosa
1892,Washington DC Area
1893,Zaltbommel
1894,Glendale Heights
1895,Fort Walton Beach
1896,ADDISON
1897,Opelousas
1898,Pflugerville
1899,SAN DIEGO
1900,Rotterdam
1901,FAIRVIEW
1902,USA
1903,Orangeburg
1904,Pensacola
1905,Bay Minette
1906,Shelby Twp.
1907,Windham
1908,Gonzales
1909,Mayville
1910,Parker/Ivins
1911,LaFox
1912,East Windsor
1913,East Peoria
1914,Alhambra
1915,Arvada
1916,"NJ, RI, MA, NH, ME"
1917,Nevada City
1918,Iron Mountain
1919,Grass Valley
1920,Sheffield
1921,Cambridge 
1922,Margate
1923,Agawam
1924,Ormond Beach
1925,Wickenburg
1926,Abilene
1927,Ephrata
1928,Ronkonkoma
1929,Gastonia
1930,RALEIGH
1931,Marion
1932,Fishersville
1933,Mission
1934,Mayetta
1935,Cedar Park
1936,Russellville
1937,Garfield
1938,Gilroy
1939,Odessa
1940,Pointe-Claire
1941,Oakland Park
1942,Kingwood
1943,Gays Mills
1944,Wixom
1945,South El Monte
1946,"Herndon,"
1947,Wisconsin Dells
1948,Lees Summit
1949,Sligo
1950,Warner
1951,Berchem - Antwerp
1952,Tontitown
1953,Woodstock
1954,Béthune
1955,Eau Claire
1956,Dousman
1957,Bourne End
1958,Becker
1959,Brooklyn Park
1960,Nationwide
1961,West Harrison
1962,NY
1963,Aurora / Chicago
1964,Mill Valley
1965,Mankato
1966,Bedford Heights
1967,Deer Park
1968,Valley Center
1969,"Newport, NH"
1970,"Louisville, CO"
1971,Cullman
1972,Cle Elum
1973,Watford 
1974,Sewickley
1975,Buffalo Grove
1976,Islamabad
1977,Sumner
1978,Warrington
1979,Balitmore
1980,Milton Keynes
1981,Rice Lake
1982,Laguna Niguel
1983,Louvain-la-Neuve
1984,Mineola
1985,Aventura
1986,Scandicci
1987,Gary
1988,Mokena
1989,Greater NYC Area 
1990,Cirencester
1991,Malibu
1992,Utica
1993,Santa Fe Springs
1994,Minden
1995,Geelong
1996,Manakin Sabot
1997,Cordova
1998,St. Charles
1999,Pooler
2000,Monroe 
2001,Lahore
2002,Magor
2003,Rohnert Park
2004,Bay Area
2005,Clerkenwell
2006,Barrie
2007,Statewide
2008,Apodaca
2009,Saco
2010,Durant
2011,Jiangsu
2012,Kingsford
2013,East Sandwich
2014,Cramlington
2015,Fairmont
2016,Voorhees
2017,New Gloucester
2018,"Baton Rouge, LA"
2019,Creola
2020,Holstein
2021,Adamstown
2022,San Angelo
2023,Eastbourne
2024,Oak Creek
2025,Rochester Hills
2026,Attleboro
2027,Garnett
2028,ROTTERDAM
2029,Christiansburg
2030,Houma
2031,Carlisle
2032,Tamarac
2033,Osseo
2034, Euxton
2035,Plymouth Township
2036,Beaumont
2037,Compton
2038,Marcoussis
2039,Migdal Haemek
2040,Mandeville
2041,Dothan
2042,Greater Chicago
2043,High Point
2044,Munster
2045,Spanish Fort
2046,Markham
2047,Bloomingdale
2048,Lodi
2049,Bridgeport
2050,Coupeville
2051,Eaton
2052,Beech Grove
2053,Glastonbury
2054,New Holland
2055,Forest Hill
2056,Hampstead
2057,Eatontown
2058,Barberton
2059,Berkeley Heights
2060,Willowbrook
2061,Vero Beach
2062,Glasgow
2063,Berthoud
2064,Midwest Region
2065,Lucerne
2066,Sandusky
2067,Tinley Park
2068,Keasbey
2069,Bracknell
2070,Wake Forest
2071,Paoli
2072,Alaska
2073,GLobal
2074,St Charles
2075,Westbury
2076,Lake Worth
2077,福清
2078,Greenacres
2079,Burnaby
2080,Grand Bourgtheroulde
2081,Flint
2082,Archbold
2083,North Attleboro
2084,Thane 
2085,Wheat Ridge
2086,Parkstein
2087,Ahmedabad
2088,Larchmont
2089,Chertsey
2090,Chesterbrook
2091,Fairview
2092,Altamonte Springs
2093,Mount Pearl
2094,Baie D'Urfe
2095,Bluffton
2096,Kingston Upon Thames
2097,Dale
2098,Shoreline
2099,Madison Heights
2100,Harlow
2101,Ashtabula
2102,Dunedin Central
2103,scranton
2104,Bemidji
2105,New Britain
2106,Bridgeview
2107,Perth Airport
2108,Bayside
2109,"Alpharetta,"
2110,"Bonifacio Global City, Taguig"
2111,Industry
2112,Pottstown
2113,North Port
2114,Jericho
2115,Norton
2116,Hungerford
2117,Red Bank
2118,Macomb Township
2119,Saratoga
2120,Pleasantville
2121,San Diego 
2122,Alvarado
2123,La Roche sur Yon cedex
2124,Mount Arlington
2125,Upper Marlboro
2126,Gig Harbor
2127,"Koto-ku, Toyosu"
2128,Forney
2129,Oberkochen
2130,Wedemark
2131,Huntington
2132,Kriftel
2133,Cerritos
2134,Grandview
2135,Saratoga Springs
2136,Mesquite
2137,Tahoe City
2138,Kimberly
2139,Midland Park
2140,Sterling Heights
2141,Pantin
2142,Northwest Washington
2143,Northwich
2144,Tonawanda
2145,Midland City
2146,Rogers
2147,Cheyenne
2148,Hod HaSharon
2149,Chestnut Hill
2150,Moses Lake
2151,Ashland
2152,Rancho Palos Verdes
2153,Chicago Area
2154,Faribault
2155,Pearl River
2156,Blue Island
2157,Howell
2158,Sumter
2159,Easthampton
2160,McGregor
2161,Neckartenzlingen 
2162,Mineral Wells
2163,Cupertino
2164,Sherbrooke
2165,St Helier
2166,Porter
2167,Campbellsport
2168,Twinsburg
2169,Monticello
2170,Spokane Valley
2171,East Syracuse
2172,San Fernando Valley
2173,Maple Shade
2174,Ocean City
2175,Waianae
2176,Far Rockaway
2177,Saint Cloud
2178,Waseca
2179,Havertown
2180,EDINA
2181,Eagle Creek
2182,Sun Prairie
2183,Branson West
2184,Mahwah
2185,Ormeau
2186,Gent
2187,Martinsville
2188,Kankakee
2189,Edinburgh
2190,Niskayuna
2191,Derry
2192,New Hope
2193,Claymont
2194,Deming
2195,Flower Mound
2196,Hefei
2197,Seoul
2198,Inwood
2199,Sparks Glencoe
2200,Wynantskill
2201,Brooksville
2202,Bayard
2203,Ansan-city
2204,Mukwonago
2205,Longmont
2206,Getzville
2207,Oakdale
2208,Pine Brook
2209,Babcock Ranch
2210,Jenkintown
2211,Hyattsville
2212,Statesboro
2213,Vista
2214,Fort Lauderdale 
2215,Macon
2216,Cowpens
2217,Flowood
2218,Colts Neck
2219,Bastrop
2220,Ravenna
2221,Ringwood
2222,Wals
2223,Mountville
2224,Reigate
2225,Chalfont
2226,Irmo
2227,Astoria
2228,San Juan Capistrano
2229,Moore
2230,Bellows Falls
2231,Lincolnwood
2232,Wangaratta
2233,Townsville
2234,Bay Harbor Island
2235,Darlington
2236,Boynton Beach
2237,Dacono
2238,Rexburg
2239,Binghamton
2240,Treynor
2241,Forest Park
2242,Greenbrae
2243,Parkesburg
2244,Bensalem
2245,Hendersonville
2246,Brooklyn Park 
2247,Alabaster
2248,Tierra Verde
2249,Grand Haven
2250,Manlius
2251,Bedford Park
2252,Mexico City
2253,Winter Park
2254,Middleburg
2255,Hangzhou
2256,Danderyd
2257,Chelsea & Grand Rapids
2258,Playa VIsta
2259,Coon Rapids
2260,Longwood
2261,Brewster
2262,Haddonfield
2263,Waconia
2264,East Rutherford 
2265,Murrysville
2266,Lyndhurst
2267,Muscle Shoals
2268,Cuyahoga Falls
2269,Grandville
2270,Lake Crystal
2271,Hamamatsu
2272,Stockport
2273,Broomall
2274,Rockwall
2275,Waynesboro
2276,White Bluff
2277,Hillsborough
2278,Mt. Hood
2279,Dania
2280,Mifflinburg
2281,AKRON
2282,North Charleston
2283,North Chicago
2284,Grapevine
2285,Indiana
2286,Broussard
2287,Seabrook
2288,Castroville
2289,Le Havre
2290,Vestenbergsgreuth
2291,Palo Alto 
2292,Homer Glen
2293,Decatur
2294,Blagnac
2295,Malone
2296,Laveen
2297,Phoenixville
2298,Foxborough
2299,New Ulm
2300,Rosebery
2301,Boerne
2302,Richford
2303,Hicksville
2304,San Pablo
2305,Longueuil (QC)
2306,Sausalito
2307,Niagara Falls
2308,Thomaston
2309,Frenchs Forest
2310,Tiffin
2311,Ankeny
2312,Bury St Edmunds
2313,Coeur d'Alene
2314,Hinsdale
2315,Santa Clarita
2316,Bartlett
2317,St. George
2318,Delavan
2319,Wilson
2320,Hemel Hempstead
2321,Harris County
2322,Bremerton
2323,TUCSON
2324,Dorchester
2325,Hawthorne
2326,Pacific
2327,Las Cruces
2328,Sauk Centre
2329,Carrboro
2330,Canada 
2331,Brattleboro
2332,Hummelstown
2333,Needham 
2334,Hoersholm
2335,Mission Woods
2336,Guaynabo
2337,Broadview
2338,Ridgefield Park
2339,Breda
2340,Buena Vista
2341,Marlboro
2342,Montville
2343,Lorton
2344,Beachwood
2345,Redondo Beach
2346,Afton
2347,El Dorado
2348,Clarks Summit
2349,Greenwood
2350,Turlock
2351,Brewer
2352,Walled Lake
2353,Loma Linda
2354,Ferndale
2355,Southwick
2356,Kinnelon
2357,Reggio Emilia
2358, Work from Anywhere
2359, Roslindale
2360,Strand
2361,Aguascalientes
2362,Salina
2363,Smørum
2364,"56 Rue Charles Martel"
2365,Palos Park
2366,Bradford
2367,New Providence
2368,Penfield
2369,St. Peters
2370,Gladstone
2371,Hercules
2372,Millstone Twp
2373,BRIGHOUSE
2374,Grants
2375,Priest River
2376,Aiken
2377,"Coleshill, Birmingham"
2378,Riviera Beach
2379,Granville
2380,Stirling
2381,Tehran
2382,Mauston
2383,Bevery Hills
2384,Castle Pines
2385,Mission Viejo
2386,West Bloomfield
2387,LaSalle
2388,Brielle
2389,New  York
2390,Carmi
2391,Mathura
2392,Guangzhou
2393,Carol Stream
2394,Wyoming
2395,Quebec City
2396,Bienne 4
2397,Saint Louis 
2398,Provo
2399,Taos
2400,Fredericksburg
2401,Collegeville
2402,McHenry
2403,Wading River
2404,Creve Coeur
2405,Saint-Cloud
2406,Glen Burnie
2407,Mountain Lakes
2408,Banbridge
2409,South Lake Tahoe
2410,San Mateo (San Francisco Bay Area)
2411,Jerusalem
2412,Athens
2413,Albert Lea
2414,Bethessda
2415,Hillside
2416,Southwest Missouri
2417,Beresford
2418,Parsippany/Paramus
2419,Pittsfield
2420,Governors Island
2421,Wellesley Hills
2422,"Antwerp, Belgium"
2423,Elk Grove
2424,Rancho Dominguez
2425,Hot Springs National Park
2426,Estero
2427,Clifton Park
2428,Lakeside
2429,Wethersfield
2430,Nanuet
2431,Summerfield
2432,Marlton
2433,Frontenac
2434,Maplewood
2435,Catonsville
2436,Bellmawr
2437,Owings Mills
2438,Miami Gardens
2439,Savage
2440,Cookeville
2441,厦门市
2442,Pinneberg
2443,Fairfax County
2444,Forest Hills
2445,Monmouth Junction
2446,AVIGNON
2447,Blountville
2448, San Francisco
2449,Saddle Brook
2450,West Allis
2451,North Lebanon 
2452,Waldoboro
2453,Bound Brook
2454,West Deptford
2455,Airmont
2456,Landover
2457,Warrenton
2458,Los Altos
2459,Clifton
2460,Hillsboro
2461,San Marino
2462,Pascagoula
2463,Trappe
2464,Varennes
2465,Wexford
2466,Bryan
2467,Temple Terrace
2468,Lake Bluff
2469,St. Francisville
2470,Rocky Mount
2471,Brandon
2472,Franklin Square
2473,Lake Geneva
2474,Vaughan
2475,St Peters
2476,East St Louis
2477,Rians
2478,Bardstown
2479,Nampa
2480,International 
2481,Gaihersburg
2482,Shawnee
2483,Marietta 
2484,Middlesex
2485,Tualatin
2486,Billingham
2487,HCMC
2488,Westlake 
2489,Lake City
2490,Largo (Tampa Bay)
2491,Fraser
2492,Jamesburg
2493,Cantù
2494,Newbury Park
2495,Methuen
2496,Putnam
2497,Whippany
2498,YOUNGSTOWN
2499,Renswoude
2500,Palm Beach Gardens
2501,Brownsville
2502,Granja de Rocamora
2503, Round Rock
2504,Moultonborough
2505,Sahuarita
2506,Newburgh
2507,South Chicago Heights
2508,Cortaccia
2509,Toronto 
2510,Alderley Edge
2511,Dongguan
2512,"Loudwater, High Wycombe"
2513,Stilwell
2514,Trento
2515,  White Plains
2516,Pleasant View
2517,Temecula 
2518,Neptune
2519,Belle Mead
2520,Fort Myers / Vittoria
2521,Montebello
2522,East Hanover
2523,Mediapolis
2524,Einbeck
2525,Willow Grove
2526,Parkland
2527,"Florham Park, New Jersey "
2528,Hickory Creek
2529,Biloxi
2530,Levittown
2531,Dubuque
2532,Pembroke Pines
2533,Mercer Island
2534,Vestavia Hills
2535,Tel Aviv
2536,Egg Harbor City
2537,Uxbridge
2538,Parsippany 
2539,Caseyville
2540,Princeton 
2541,Monroe Township
2542,New London
2543,Winnipeg
2544,Grayson
2545,Suzhou
2546,Jacksonville Beach
2547,Lewisberry
2548,Beavercreek
2549,Slidell
2550,Mesa
2551,Clinton Twp
2552,South Windsor
2553,Seal Beach
2554,Chelsea
2555,Kissimmee
2556,Scotch Plains
2557,Eastern
2558,North Richland Hills
2559,Chichester
2560,Palatine
2561,Wellington
2562,Scottsboro
2563,Randolph Air Force Base
2564,El Segundo 
2565,"Kohala Coast, Hawaii Island"
2566,Hemet
2567,Moreno Valley
2568,Fletcher
2569,Van Wert
2570,Sevierville
2571,Vandalia
2572,Londonderry
2573,Turners Falls
2574,Canoga Park
2575,Manchester 
2576,Pewaukee
2577,Drexel Hill
2578,Willmar
2579,Hot Springs
2580,San Francisco 
2581,Madera
2582,Hurricane
2583,Simsbury
2584,Winder
2585,Vestal
2586,St. Matthews
2587,phoenix
2588,Vernon
2589,Bellaire
2590,Binzen
2591,Staunton
2592,Buellton
2593,Palmdale
2594,Clive
2595,East Longmeadow
2596,Jonesboro
2597,Mount Vernon
2598,Glenside
2599,Garland
2600,North Tonawanda
2601,West Lake Hills
2602,North Salt Lake
2603,Forest City
2604,Rochdale
2605,Avenel
2606,Santa Maria
2607,Remote First Company
2608,Lindon
2609,Bay City
2610,Stony Brook
2611,Mapleton
2612,Pittsburgh 
2613,Myrtle Beach
2614,District of Columbia 
2615,Hinckley
2616,Woodland
2617,Saint Jacques le mineur
2618,Surry Hills
2619,Mariehamn
2620,Remote First
2621,Campbell Hall
2622,South Yarra
2623,Brainerd
2624,Village of Loch Lloyd
2625,Leonia
2626,Dublin 12
2627,Williamsport
2628,Killeen
2629,Hartland
2630,Bessemer
2631,Vilnius
2632,New Boston
2633,Erdenheim
2634,Glen Mills
2635,Palm Coast
2636,"New York, Maryland, Florida, South Carolina, Nevada, Louisiana,"
2637,Crofton
2638,Defiance
2639,Martinsburg
2640,Centerport
2641,Biehle
2642,Fife Lake
2643,Linthicum Heights
2644,Amarillo
2645,Innsbrook
2646,Petach Tikva
2647,Clermont
2648,Plainview
2649,Villa Park
2650,San Juan
2651,Waco
2652,Marquette
2653,Iowa Falls
2654,Incline Village
2655,West Jordan
2656,Hudson Oaks
2657,Panama City
2658,Pineville
2659,Kentfield
2660,Sharjah
2661,Coconut Grove
2662,Nicholasville
2663,Kingman
2664,"1017 RP Amsterdam"
2665,Wilmette
2666,Daly City
2667,Scarsdale
2668,Sliema
2669,Monaca
2670,Walker
2671,Manitowoc
2672,Nussloch
2673,Hybrid-remote workplace
2674,Farragut
2675,Imperial Beach
2676,DeLand
2677,Hermiston
2678,Panama
2679,American Fork
2680,Old Bethpage
2681,Grand Blanc
2682,Thibodaux
2683,"Denmark, Germany, UK, USA, Canada, Australia, India, Malaysia, Singapore, Hong Kong, China, Japan, S Korea "
2684,Falmouth
2685,L'Hospitalet de Llobregat
2686,"75001"
2687,Darien
2688,Morrow
2689,Shrewsbury
2690,Davie
2691,Rockville 
2692,Melrose
2693,Lithia
2694,North East
2695,Aubrey
2696,Richmond Hill
2697,North Haven
2698,Cade
2699,Avon
2700,København K
2701,Oulu
2702,Copenhagen K
2703,Alexandria Bay
2704,Winona
2705,Enola
2706,Iselin 
2707,Raleigh-Durham
2708,Bend
2709,Duncansville
2710,Plantsville
2711,Pessac
2712,Elko
2713,Skokie
2714,Waikoloa
2715,Commerce Township
2716,Amery
2717,Göppingen
2718,Lawrenceburg
2719,Waterbury
2720,Dunn
2721,Bulverde
2722,North Providence
2723,Queens Village
2724,Federal Way
2725,Winterville
2726,Tel-Aviv
2727,Oklahoma Ciy
2728,St. Joseph
2729,Pikesville
2730,Zwolle
2731,Carrolton
2732,Ripley
2733,Atascadero
2734,Windsor Mill
2735,MIdland
2736,Oak Park
2737,Eden Prairie 
2738,Kastrup
2739,Coral Springs
2740,"La Grange, IL"
2741,The Cloud
2742,Burnaby 
2743,Ashkum
2744,Paramount
2745,Woodland Hills 
2746,Wautoma
2747,Orange County
2748,Belton
2749,Dawes
2750,Fate
2751,Montgomery
2752,Bay Area and Sacramento
2753,Ceres
2754,Emporia
2755,深圳市
2756,Allen
2757,Solihull
2758,Sacramento 
2759,Wuxi
2760,Arlington Heights
2761,Aston
2762,Caldwell
2763,Muskegon
2764,"Tallinn, Estonia"
2765,Ojai
2766,North Potomac 
2767,Nacogdoches
2768,Montgomeryville
2769,Morgan Hill
2770,Grand Junction
2771,Merion Station
2772,Goshen
2773,Monroeville
2774,Clarence
2775,Prineville
2776,Hermosa Beach
2777,Grand Prairie
2778,HUIZHOU
2779,Mainz
2780,Granite City
2781,Bainbridge Island
2782,Elsa
2783,Orleans
2784,Hazelwood
2785,Campton
2786,Clarksburg
2787,Circle Pines
2788,Conroe
2789,Fallbrook
2790,Saukville
2791,McAllen
2792,Eagle Lake
2793,Lehigh Acres
2794,Hewlett Harbor
2795,Indio
2796,Thiruvananthapuram
2797,Highland
2798,Silvis
2799,Glenn Dale
2800,Valparaiso
2801,West Haven
2802,Neosho
2803,Melrose Park
2804,Aitkin
2805,Palm Springs
2806,Bluffdale
2807,Grundy
2808,Irwindale
2809,Pearl
2810,Indian Creek
2811,Millwood
2812,Carver
2813,University Place
2814,Cairo
2815,Aspen
2816,Coventry
2817,LaGrange
2818,Viola
2819,La Jara
2820,East Palo Alto
2821,Neptune City
2822,Los Angleles
2823,Anaheim Hills
2824,irvine
2825,Laguna Beach
2826,New Port Richey
2827,Branford
2828,london
2829,Woodsville
2830,Montchanin
2831,Islip
2832,China 
2833,Cantonment
2834,Fulton
2835,Fairborn
2836,MONTREAL
2837,Lemoyne
2838,Sheridan 
2839,West Bridgewater
2840,Jessup
2841,Global 
2842,Havre de Grace
2843,Atlantic City 
2844,Finksburg
2845,Moshav Ram-On
2846,Cloverdale
2847,MELBOURNE
2848,Ourense
2849,Merelbeke
2850,Winter Haven
2851,"301"
2852,Charleville
2853,Finningley
2854,Robbinsville
2855,Roebuck
2856,McKees Rocks
2857,Modi'in
2858,Bladensburg
2859,EXTON
2860,Wellsville
2861,Cardiff
2862,Sauget
2863,Arcata
2864,Flamatt
2865,Ione
2866,Middle River
2867,St James
2868,Jordan
2869,Reynolds
2870,Bremen
2871,Mammoth Lakes
2872,Devens
2873,Phillipsburg
2874,Westons Mills
2875,St. Clair
2876,Kapolei
2877,North Las Vegas
2878,Kings Mountain
2879,Sault Ste. Marie
2880,Belle Chasse
2881,Daphne
2882,Humble
2883,Fort Morgan
2884,Purley 
2885,Somersworth
2886,Sunny Isles Florida
2887,Butler
2888,San Bernardino
2889,Taylor
2890,South Miami
2891,Logan
2892,Hunan Province
2893,Witzhave
2894,San Juan Capistrano 
2895,Dunbar
2896,San Pedro Garza García
2897,CARSON
2898,Colonia
2899,San Franciso Bay Area
2900,Seneca
2901,Poplar Bluff
2902,Pleasanton 
2903,China
2904,Sparta
2905,The Rocks
2906,Mt. Holly
2907,Waipahu
2908,Granite Bay
2909,Poinciana
2910,Wolcott
2911,Centro Delegacional 6
2912,Seminole
2913,Kempton Park
2914,Hobbs
2915,BONNEUIL LES EAUX
2916,Knightstown
2917,Hudsonville
2918,US
2919,New Albany 
2920,Eldersburg
2921,LONG ISLAND CITY
2922,Lavonia
2923,Valley View
2924,Marshalltown
2925,Bay Shore
2926,Fair Lawn
2927,Ponca City
2928,Springboro
2929,Countryside
2930,Wooster
2931,Pforzheim
2932,Owensboro
2933,Boxborough
2934,Lewes
2935,"Livonia, Detroit"
2936,Hoschton
2937,Ghaziabad
2938,Kochi
2939,Los Angeles 
2940,Tumakuru
2941,Corona Del Mar
2942,Ocheyedan
2943,southfield
2944,Clay Center
2945,Parker
2946,Longview
2947,Tullahoma
2948,Yuma
2949,detroit
2950,Brossard
2951,West New York
2952,Dunkirk
2953,Port Huron
2954,Bon Air
2955,Sebastopol
2956,BIddeford
2957,Tulare
2958,Reseda
2959,Huntley
2960,Swansea
2961,Kewanee
2962,West Valley City
2963,East Point
2964,Leominster
2965,Wendell
2966,Fountain
2967,Flushing
2968,Dennis Port
2969,Heerbrugg
2970,Odenton
2971,Victorville
2972,Beaufort
2973,Hayden
2974,Largo
2975,Ocala
2976,Inglewood
2977,Antwerp
2978,Underwood
2979,Walnut
2980,\​
2981,Bern
2982,Twin Falls
2983,Floral Park
2984,Palm Harbor
2985,Kelowna
2986,Harrisonburg
2987,East Providence
2988,"San Antonio,"
2989, Las Vegas
2990,Bogalusa
2991,Frogner
2992,Grimsby 
2993,Quarryville
2994,BOCA RATON
2995,Doraville
2996,new york
2997,Brookhaven
2998,Manasquan
2999,Sioux Center
3000,Hancock
3001,Pompano Beach
3002,Ellettsville
3003,Stadt Hamburg
3004,Shelby Township
3005,BALTIMORE
3006,Oberlin
3007,RADCLIFF
3008,West Hempstead
3009,VENTURA
3010,Antioch
3011,Palm Beach
3012,Flowery Branch
3013,Hood River
3014,Shanghai 
3015,Pennsauken
3016,Alden
3017,Brick
3018,Mohrsville
3019,Elk River
3020,Fruitport
3021,"Iselin, "
3022,Northumberland
3023,Nola
3024,Amersfoort
3025,Brook Park
3026,Westport
3027,Funner
3028,zhejiang
3029,New Yor
3030,St Albans
3031,Westwood
3032,Springville
3033,Bethlehem 
3034,Duxbury
3035,Joliet
3036,Herne
3037,Croix
3038,Ladson
3039,Reykjavík
3040,"Boston, London"
3041,Charles Town
3042,Harker Heights
3043,Coopersville
3044,Santa Ynez
3045,Stanley
3046,Kenilworth
3047,Rüti
3048,Spring Hill
3049, Eden Prairie
3050,Cincinnati 
3051, Brentford
3052,Nijmegen
3053,"King of Prussia, PA "
3054,Westerly
3055,Hampton Roads 
3056,Burton
3057,Little Canada
3058,Marina Del Rey
3059,NING DE
3060,København Ø
3061,"London, UK"
3062,Regina
3063,Bermuda
3064,Hixson
3065,Totowa
3066,Fountain Hills
3067,Vers-chez-les-Blanc
3068,Beresfield
3069,CLARKSVILLE
3070,Rock Springs
3071,Edgewater
3072,Tornesch
3073,Noblesville
3074,College Point
3075,LOS ANGELES
3076,Murfreesboro
3077,Youngstown 
3078,McClellan (Sacramento)
3079,Marrero
3080,Gütersloh
3081,Lviv
3082,Annandale
3083,Terre Haute
3084,Park Ridge
3085,"Mississauga,"
3086,GREENVILLE
3087,Kinston
3088,Scottsbluff
3089,SAO PAULO
3090,Crystal City
3091,Isfahan
3092,Cornelius
3093,Eolia
3094,Vineland
3095,Online
3096,Pico Rivera
3097,Fairless Hills
3098,Nashotah
3099,Huntingdon Valley
3100,Paddington
3101,Swedesboro
3102,Johannesburg
3103,Warrenville 
3104,Lecanto
3105,Chambersburg
3106,Longmeadow
3107,Portsmouth 
3108,Rutland
3109,Riverton
3110,Capitol Heights
3111,Pima
3112,Centerburg
3113,Esbjerg
3114,Kentwood
3115,Iowa City
3116,Rosemount
3117,Prosper
3118,Saskatoon
3119,Hockessin
3120, New England 
3121,Big Flats
3122,paris
3123, Raleigh
3124,Coshocton
3125,Crowley
3126,Salmon 
3127,Buford
3128,Vidor
3129,Dunwoody
3130,Cranfield
3131,WASHINGTON D.C
3132,Bel air
3133,Mattoon
3134,Stoughton
3135,Hamden
3136,Merrifield
3137,Kinnelon 
3138,N. Bethesda
3139,Bahawalpur
3140,Flat Rock
3141,Delanco
3142,Remote 
3143,Dublin 7
3144,Jenbach
3145,Double Springs
3146,Miami 
3147,Tampa/ St. Petersburg
3148,Channelview
3149,Port Allen
3150,Portland 
3151,Kieler
3152,Schoolcraft
3153,Kew Gardens
3154,"Atlanta, GA"
3155,PARSIPPANY
3156,Everywhere
3157,Los Alamitos
3158,chennai
3159,Edison 
3160,Kolhapur
3161,KOLKATA
3162, Houston
3163,Haveli
3164,Leonardtown
3165,Fulton St
3166,New york city
3167,Justin
3168,Hillburn
3169,Machesney Park
3170,Toulouse
3171,Lakehurst
3172,sunnyvale
3173,Phnom Penh
3174,Waldorf
3175,Kanpur
3176,River Edge
3177,India
3178,Lisburn
3179,New york
3180,West Trenton
3181,Taichung City
3182,"Plainsboro, United States"
3183,台南市
3184,St. Louis 
3185,Suit #310
3186,West Creek
3187,Newcastle Upon Tyne 
3188,Cape Town
3189,Huntington Station
3190,ASHBURN
3191,St. Marys
3192,Rolla
3193,Northborough
3194,Lake St Louis
3195,Roslyn
3196,Denver 
3197,Stratham
3198,"West Chester Trade Center, Building 2"
3199,Illinois
3200,Concord Township
3201,Glen Carbon
3202,SEATTLE
3203,DUBLIN
3204,WOBURN
3205,NAPA
3206,TAMARAC
3207,BORDENTOWN
3208,ROCHESTER
3209,MILPITAS
3210,Pelham
3211,TYLER
3212,HOUSTON
3213,LONG BEACH
3214,WORTHINGTON
3215,TEMECULA
3216,Mililani
3217,GATE CITY
3218,CENTENNIAL
3219,WEST CALDWELL
3220,Metamora
3221,BURBANK
3222,MIAMI
3223,KAPOLEI
3224,SANTA FE SPRINGS
3225,TOLEDO
3226,Laconia
3227,CHAPEL HILL
3228,NEW HYDE PARK
3229,CINCINNATI
3230,MIRAMAR BEACH
3231,Sonoma
3232,VISTA
3233,GASTONIA
3234,SAN ANTONIO
3235,SANDUSKY
3236,RICHMOND
3237,WINTER GARDEN
3238,OWINGS MILLS
3239,BISMARCK
3240,SN BERNRDNO
3241,Ketchum
3242,DENVER
3243,Moraine
3244,ROCKVILLE
3245,INDIANAPOLIS
3246,Medley
3247,Chula Vista
3248,UNCASVILLE
3249,ARLINGTON
3250,Niceville
3251,CHULA VISTA
3252,AVENTURA
3253,GEORGETOWN
3254,OMAHA
3255,Sofia
3256,Abany
3257,Avon Lake
3258,POOLESVILLE
3259,Casper
3260,CROWLEY
3261,Lake Huntington
3262,Woods Cross
3263,North Royalton
3264,LABELLE
3265,WAUNAKEE
3266,BROOKLYN
3267,COLUMBUS
3268,STERLING
3269,GARLAND
3270,East Farmingdale
3271,STAMFORD
3272,WARRENTON
3273,KNOXVILLE
3274,Beltsville
3275,CHANDLER
3276,Leavenworth
3277,Browns Summit
3278,BATTLE CREEK
3279,SAMMAMISH
3280,Two Rivers
3281,CANONSBURG
3282,AFTON
3283,CASSELTON
3284,East Alton
3285,WENATCHEE
3286,SARATOGA
3287,Council Bluffs
3288,Chullora
3289,Foley
3290,Summerville
3291,Sierra Vista
3292,New Port Richey 
3293,Moorhead
3294,West Monroe
3295,Cannonsburg
3296,Los Osos
3297,Atlantis
3298,Watkins
3299,Joplin
3300,Buckeye
3301,Wagoner
3302,West Seneca
3303,Nacka
3304,GA
3305, Australia
3306,Stanton
3307,Delano
3308,Kerpen
3309,Quitman
3310,boulder
3311,San Pedro
3312,Placentia
3313,Santa Barbara 
3314,TACOMA
3315,Offices Located Nationwide
3316,Mather
3317,SYDNEY
3318,KIRKLAND
3319,Kingscourt
3320,Signal Hill
3321,Mojave
3322,San Mateo 
3323,Midway
3324,Sector 3
3325,Simi Valley
3326,Chardon
3327,Mount Kisco
3328,Downey
3329,Stamford 
3330,Klamath Falls
3331,Buffalo 
3332,Plainfield
3333,Berkhamsted
3334,Port Townsend
3335,Mechanicville
3336,Anacortes
3337,Fredericia
3338,Suwon
3339,Rocklin
3340,Frederikberg
3341,Kahului
3342,Gate City
3343,Aynor
3344,Baltimore 
3345,San Fernando 
3346, New York
3347,St Augustine
3348,Playa Vista
3349,Rolle
3350,International
3351,Encinitas 
3352,Hanford
3353,Newberry
3354,Export
3355,Nyack
3356,Benfleet
3357,Dallas-Fort Worth Metroplex
3358,Azusa
3359,Aich
3360,Decorah
3361,Ponderay
3362,Dubai 
3363,Kirtland AFB
3364,Papillion
3365,Butte
3366,"105"
3367,east brunswick
3368,Scappoose
3369,New Smyrna Beach
3370,Shirley
3371,Tewksbury
3372,Corona 
3373,Las Colinas
3374,Alpine
3375,Wheatland
3376,PENSACOLA
3377,Apache Junction
3378,JBSA (Fort Sam Houston)
3379,South Hackensack
3380, San Diego 
3381,Regensburg
3382,Kennett Square
3383,Swindon
3384,Salt Lake City UT
3385,St Cloud
3386,화성시
3387,San Fransisco
3388,HENDERSON
3389,Harrison Township
3390,Columbia City
3391,Marblehead
3392,Medellin
3393,Plato
3394,UXBRIDGE
3395,United Kingdom
3396,New York City Metropolitan Area
3397,Darmstadt
3398,Yucaipa
3399,El Monte
3400,Springfield Township
3401,"Texas, Oklahoma and Louisiana"
3402,LOUISVILLE
3403,London & New York 
3404,KENT
3405,Perry
3406,Houston 
3407,Vail
3408,Proctorville
3409,Middlebury
3410,Mont-Saint-Guibert
3411,Genk
3412,Bruxelles
3413,Northridge
3414,Covina
3415,ASCOT
3416,Clearfield
3417,MODENA
3418,Rockaway
3419,Los angeles
3420,N. Venice
3421,Toronto/New York
3422,League City 
3423,IRVING
3424,Schofield
3425,Cupertino 
3426,La Jolla 
3427,Kenner
3428,Bagneux
3429,MILWAUKEE
3430,Lutcher
3431,Kaunas
3432,Cape Coral
3433,Forest Lake 
3434,Jersey city
3435,POITIERS
3436,Mt Laurel
3437,Oberglatt
3438,West Reading
3439,Pray
3440,St George
3441,American Fork 
3442,Billericay 
3443,Nashik
3444,Aldie
3445,Littleton 
3446,Dallas/Fort Worth
3447,Hire everywhere. Work anywhere.
3448,Kufstein
3449,Golden Valley 
3450,South Dorchester
3451,Drammen
3452,Jaipur
3453,Otsego
3454,Sauk Rapids
3455,La Palma
3456,Sapulpa
3457,Madeira Beach
3458,League City
3459,Bethel
3460,Atlantic City
3461,HISAR
3462,DELHI
3463,HYDERABAD
3464,Fair Oaks
3465,Cresskill
3466,Gadsden
3467,Blue Springs
3468,Howell Township
3469,Sao Paulo
3470,Downtown Redwood City
3471,North Bergen
3472,Palm Desert
3473,Plainview 
3474,Lafayette Hill
3475,Arnold AFB
3476,Johns Island
3477,Matteson
3478,South San Francisco 
3479,Metaverse
3480,Gatineau
3481,New Kent
3482,Fenchurch Street
3483,Milestone Center Drive
3484,Atena
3485,Hove
3486,Morton Grove
3487,Oceano
3488,Cridersville
3489,Altavista
3490,Newyork
3491,Tumwater
3492,West Lafayette
3493,London City
3494,Stevensville
3495,IN
3496,深圳
3497,Nixa 
3498,Rancho Cordova 
3499,Forty Fort
3500,Bangalore 
3501,PISCATAWAY
3502,Dorothy
3503,AUSTIN
3504,Blythe Valley Park
3505,Holton
3506,Miami Springs
3507,mckinney
3508,Gibsonia
3509,Calistoga
3510,Piketon
3511,Lathrup Village
3512,Piedmont
3513,Strongsville
3514,Prestbury
3515,Van Buren
3516,Breckenridge
3517,Gansevoort
3518,CENTER LINE
3519,Bayonne
3520,Chuo-Ku
3521,New Bern
3522,St Helens
3523,United States of America
3524,Passaic
3525,Kailua
3526,Shakopee
3527,Elizabeth
3528,"Houston, Texas"
3529,WAYCROSS
3530,EMPANGENI
3531,Struthers
3532,CAPE TOWN
3533,PRETORIA
3534,Cassopolis
3535,Chorley
3536,Pigeon Forge
3537,Johnson City 
3538,Nappanee
3539,Haymarket
3540,Sykesville
3541,Selma
3542,sirsa
3543,washington
3544,Midsctream Estates
3545,Shallotte
3546,Houston and Dallas 
3547,Henrietta
3548,North Bergen 
3549,BOULDER
3550,The Village
3551,Tinton Falls
3552,"New York, San Diego, Houston"
3553,Atlanta 
3554,Cocoa Beach
3555,Media City
3556,Dundalk
3557,Arlington heights
3558,Watford City
3559,"El Segundo, Los Angeles"
3560,Minneapolis/ St. Paul
3561,"Portsmouth, Havant"
3562,Storrs
3563,Salt Lake City | San Francisco | Los Angeles | Fresno
3564,Okoboji
3565,BARCELONA
3566,Lutherville Timonium
3567,Bannockburn 
3568,Webb City
3569,Parkersburg
3570,Hilton Head Island
3571,Longueuil
3572,boca raton
3573,Bloomfield Township
3574,North Liberty
3575,Lenoir
3576,Missouri City
3577,Romulus
3578,Parole
3579,Dublin 3
3580,Saddle River
3581,"61231 Bad Nauheim"
3582,Murrieta
3583,Poultney
3584,Dhaka
3585,Castro Valley
3586,长沙
3587,Belmar
3588,Buenos Aires
3589,Bagnolet
3590,Fort Mitchell
3591,Auburndale
3592,Antrim
3593,Brookline
3594,Great Barrington
3595,Saitama City
3596,Delray Beach 
3597,Cibolo
3598,"Dublin, OH"
3599,Whitpain Township
3600,Geismar
3601,Coeur D Alene
3602,Abington
3603,Fort Pierce
3604,Howard Chase
3605,Bettendorf
3606,North Plainfield
3607,Midvale 
3608,Santiago de Chile 
3609,Kailua Kona
3610,Waterville
3611,Isanti
3612,Dickson
3613,Mendenhall
3614,Bondurant
3615,Lane
3616,Sedan
3617,Oswego
3618,Alcoa
3619,Los Banos
3620,Glen Dale
3621,Mackinaw
3622,Prattville
3623,Bernardsville
3624,Clemson
3625,Ball
3626,City Of Industry
3627,Mount Carmel
3628,Ishpeming
3629,Huron
3630,Wright City
3631,remote
3632,Leander
3633,Wesley Chapel 
3634,Keyser
3635,Pecos
3636,Scotts Valley
3637,Sheffield Village
3638,Morgan
3639,Indian Harbour Beach
3640,Sun City West
3641,Edinburg
3642,Elm Mott
3643,Wasilla
3644,Arroyo Grande
3645,West Linn
3646,McClellan Park
3647,Iron River
3648,Beech Island
3649,Nieuw Vennep
3650,Rushford
3651,Calvert City
3652,Lombard 
3653,Jamesville
3654,Yorktown
3655,Angier
3656,Dix Hills
3657,Ellsworth
3658,Hialeah
3659,Loves Park
3660,TALLAHASSEE 
3661,Tegucigalpa
3662,Ft Myers
3663,Mulberry
3664,Kyle
3665,Southwest
3666,Washington 
3667,East Greenwich
3668,Philippi
3669,Denver/Boulder
3670,Nash
3671,Dulbin
3672,Sebring
3673,Queenstown
3674,Mariemont
3675,Port St Lucie
3676,Parsippany-Troy Hills Township
3677,Luray
3678,上海
3679,Bagley
3680,Holladay
3681,"On-site, Remote"
3682,Bethany
3683,"10890 NW 17th St"
3684,Mundelein
3685,Baytown
3686,Tel Aviv-Yafo
3687,Bournemouth
3688,SOMERSET
3689,Gambrills
3690, Dulles
3691,Orange Park
3692,Waycross
3693,"East Point, Atlanta "
3694,miami 
3695,Hopewell
3696,Altrincham 
3697,London/ New York/ Taiwan/ Australia 
3698,Weyers Cave
3699,Meadville
3700,Kota
3701,Mt Pleasant
3702,Holly Springs
3703,Pickens
3704,Scott City
3705,Sunny Isles Beach
3706,Olmsted Twp
3707,Crown Point
3708,Bourbonnais
3709,Staten Island
3710,Surrey
3711,"Massachusetts, Georgia & Arizona "
3712,The Interwebs
3713,Dallas/Ft Worth
3714,Wesly Chapel
3715,Cobb
3716,Cathedral City
3717,Tokyo 
3718,NYC
3719,Centennial 
3720,seattle
3721,Minneapolis-St. Paul
3722,Borso del Grappa
3723,Shickshinny
3724,Seattle 
3725,Bolivar
3726,United States 
3727,Narberth
3728,Haryana
3729,RICHLAND
3730,Prayagraj 🇮🇳 
3731,Tuggerah
3732,Orange 
3733,GLENDORA
3734,Fort lauderdale
3735,Prague 3
3736,FREDERICKSBURG
3737,TORREY
3738,MARION
3739,Ocean
3740,Green Cove Springs 
3741,Greater Noida West
3742,Simpsonville
3743,Louisburg
3744,Limassol
3745,Liverpool Street
3746,Schiller Park
3747,Schaumburg 
3748,Seattle area
3749,Hershey 
3750,"Remote first, Worldwide"
3751,North Kingstown 
3752,Brooklyn Heights
3753,West Jefferson
3754,Galveston-Houston
3755,East windsor
3756,Parker City
3757,ANN ARBOR
3758,Noosa 
3759,Mahopac
3760,Cranbury 
3761,East of Naseem
3762,Iola
3763,Grand Island
3764,Texas
3765,Hyderabad 
3766,NEW YORK-BOSTON-
3767,Desert Hot Springs
3768,Menasha
3769,New Delhi 
3770,Lewistown
3771,Clarion
3772,Tea
3773,Stroudsburg
3774,Newry
3775,Michigan
3776,Highland Heights
3777,Apopka
3778,Sheridan
3779,Wilton Manor
3780,Sun City
3781,New Carlisle
3782,Broadmeadows
3783,Pacific City
3784,Alpharetta 
3785,Taunton
3786,West Bloomfield Township
3787,South Boston
3788,合肥市
3789,Tijuana
3790,Pawleys Island
3791,Zola Predosa
3792,Grayslake
3793,San Francisco Bay Area 
3794,Royersford
3795,kabupaten Sidoarjo
3796,Zephyrhills
3797,New Hyde Park
3798,Columbus 
3799,West Nyack
3800,Mebane
3801,Ladera Ranch
3802,NORTH YORK
3803,Tifton
3804,Adenau
3805,Velachery
3806,Votorantim
3807,Guerneville
3808,Water Mill
3809,Watkinsville
3810,Lino Lakes
3811,Ghimbav
3812,South Salt Lake
3813,Clawson
3814,Plummer 
3815,Basingstoke
3816,Gahanna
3817,copley
3818,Friendswood
3819,Phalodi
3820,SF Bay Area
3821,Rumson 
3822,Hopkinsville
3823,Breckerfeld
3824,Waghäusel
3825,Whitestown
3826,MURFREESBORO
3827,Lahaina
3828,Oujda
3829,"Iselin, NJ"
3830,Greater Silicon Valley
3831,Plentywood
3832,Linwood
3833,WINTER HAVEN
3834,Oberhausen
3835,SHELBYVILLE
3836,Nairobi
3837,Pennington 
3838,Siesta Key
3839,Eastvale
3840,Rowland Heights
3841,Silicon Slopes
3842,Oyster Bay
3843,Syosset
3844,Meulebeke
3845,Indore
3846,Keyport
3847,Churu
3848,Cudahy
3849,Elma
3850,Old Hickory
3851,Fairway
3852,Dallas/Fort Worth 
3853,Windermere
3854,DeKalb
3855,Istanbul
3856,Goodyear
3857,Brookings
3858,Fort Walton Beach 
3859,Kyiv
3860,Southeast
3861,Remote-First
3862,Orinda
3863,Pepper Pike
3864,Dover Plains
3865,Barrington
3866,Dickinson
3867,Skillman
3868,Pennsylvania
3869,UPPER TRACT
3870,Australia
3871,Closter
3872,Minneapolis-Saint Paul
3873,Rose
3874,STOCKTON
3875,Lower Burrell
3876,Laguna Hills
3877,Lupton
3878,New Westminster
3879,"New York, NY 10036"
3880,Valrico
3881,East Hampton
3882,Barre
3883,Troy 
3884,Southern California
3885,"DFW, Texas | Serving Globally  "
3886,Prague 
3887,Mossel Bay
3888,New Delhi
3889,Remote - Global
3890,Mineral Point
3891,Seatle
3892,New York City 
3893,The Colony
3894,Ikeja 
3895,San Deigo
3896,Hồ Chí Minh
3897,Morris Plain
3898,Keller
3899,Lorida
3900,ALPHARETTA
3901,Placerville
3902,CARMEL
3903,Bexley
3904,Fortuna
3905,NEW JERSEY
3906,Huntington Beach 
3907,Rio Rancho
3908,oklahoma 
3909,Islamorada
3910,columbus
3911,Bellevue 
3912,"Chiswick, london"
3913,
3914,Ardmore
3915,Greater Boston
3916,Marathon
3917,Delhi
3918,Miramar Beach 
3919,Petersburg
3920,Basingstoke 
3921,RO
3922,Tbilisi
3923,Clear Lake
3924,Rothschild
3925,Maidenhead
3926,Küssnacht
3927,Yulee
3928,Lewes 
3929,Lewisville 
3930,Baku
3931,"Tampa, FL"
3932,Harlem
3933,Prospect
3934,West Hartford 
3935,Florida
3936,New Orleans 
3937,Key West
3938,East Granby
3939,Oro Valley
3940,ST PETERSBURG
3941,Secunda
3942,Sonora
3943,Cross River
3944,Servicing Clients Nationwide
3945,Charlestown
3946,McKinney 
3947,Coffeyville
3948,Bartonville
3949,SF
3950,Gilcrest
3951,"Northern Ca, United States"
3952,Amelia
3953,La Grange
3954,Englewood Cliffs 
3955,Canal Winchester
3956,Mauldin
3957,Bengaluru North
3958,Belleville
3959,Vida
3960,Fort Worth 
3961,San Gabriel
3962,Northern California
3963,atlanta
3964,Greater Boston 
3965,Fernie
3966,Barnesville
3967,Oakwood
3968,"2300 Valley View Ln, Suite 855. Irving"
3969,The Blockchain Land
3970,Kansas City Metro
3971,Mine Hill Township
3972,PORTLAND
3973,Buchanan
3974,Wild Rose
3975,McCalla
3976,Bezons
3977,Fountain City
3978,DFW
3979,Distrito capital 
3980,Baltimore - DC - NoVa
3981,United State
3982,Xiamen
3983,"Naperville,Illinois"
3984,santa monica
3985,Bossier City
3986,Argyle
3987,Lakewood 
3988,Calumet City
3989,Honlulu
3990,Chagrin Falls
3991,Phoenix 
3992,Paphos
3993,College Grove
3994,Brooklyn 
3995,Ravenel
3996,Prague
3997, Chantilly
3998,Easley
3999,Ellensburg
4000,Defuniak Springs
4001,Bucks County
4002,Green Cove Springs
4003,Southern Pines
4004,Kennebunkport
4005,Aliquippa
4006,Clarion 
4007,Black Hawk
4008,CASTLE ROCK
4009,Washington DC-Baltimore Area
4010,Bordentown
4011,Adair
4012,Central Point
4013,Lamesa
4014,Euclid
4015,Gretna
4016,Briarcliff Manor
4017,Kolkata
4018,Cold Spring Harbor
4019,Gardiner
4020,Villa Adriana (Tivoli) - Rome
4021,Montclair 
4022,new york city
4023,Port Clinton
4024,East Dundee
4025,Franklinton
4026,Gurugram
4027,Lithonia
4028,Loganville
4029,Pataskala
4030,Middlefield
4031,Malden
4032,old bridge
4033,Severance
4034,South Milwaukee
4035,Beaver
4036,Luling
4037,seal beach
4038,Register
4039,Basalt
4040,Bad Axe
4041,Kansas
4042,Tavares
4043,Chilton
4044,Elkton
4045,Steamboat Springs
4046,Linn
4047,Russell County 
4048,Evergreen 
4049,Zhengzhou
4050,Santa Clarita 
4051,Valparaiso 
4052,"Melbourne, FL "
4053,Tellico Plains
4054,Berkley
4055,St Michael
4056,Mahe
4057,Hypoluxo
4058,Saylorsburg
4059,West Warwick
4060,Stowe
4061,Saint Petersburg
4062,Washington DC-Baltimore
4063,Leamington Spa
4064,Vermilion
4065,Salem 
4066,Palma de Mallorca
4067,"Denver, United States"
4068,venice
4069,LATHAM
4070,Quezon City
4071,Biddeford
4072,Lake Orion
4073,Carmichael
4074,KIOWA
4075,Bandon
4076,Sea Bright
4077,Downer's Grove
4078,Rutledge
4079,Parsons
4080,FORT WORTH
4081,Campbell 
4082,CRANFORD
4083,Monson
4084,Chatswood
4085,Palm Bay
4086,Olean
4087,"Tanger ,Maroc 🇲🇦 "
4088,Lyon
4089,Khyber Pakhtunkhwa
4090,Sengerema
4091,"Atlanta, Georgia"
4092,FL
4093,Leland
4094,Casablanca
4095,Port Arthur
4096,Post Falls
4097,Citrus Heights
4098,Saint Joseph
4099,Wormleysburg
4100,Fortworth
4101,Witney
4102,City of Tshwane
4103,"626 Stow Road, Marlborough, MA 01752  "
4104,Osprey
4105,Austin United State
4106,Visakhapatnam
4107,Morbi 
4108,New York United States 
4109,Maumelle
4110,Palmetto
4111,Lower East Side
4112,"Pleasanton,"
4113,Eagle Mountain
4114,New Canaan
4115,Graham
4116,Wintrhop
4117,New York United States
4118,New york 
4119,Abu Dhabi
4120,Honolulu 
4121,Cheektowaga
4122,Knokke
4123,Pinecrest
4124,Summerland
4125,Allston
4126,YORKTOWN HEIGHTS
