"id","country_name"
1,N/A
2,US
3,IE
4,OO
5,DE
6,GB
7,SE
8,FI
9,NL
10,CH
11,JP
12,FR
13,IN
14,"0"
15,CA
16,DK
17,AU
18,BE
19,CN
20,LU
21,IT
22,NO
23,BR
24,MX
25,SA
26,TW
27,ZA
28,RO
29,SG
30,HK
31,IL
32,AT
33,ES
34,BM
35,EE
36,NZ
37,IS
38,AE
39,MC
40,KR
41,LI
42,PT
43,HU
44,MT
45,VN
46,MU
47,JM
48,PR
49,PK
50,AF
51,PH
52,UA
53,IR
54,LB
55,LT
56,PA
57,CL
58,CR
59,KH
60,BG
61,CO
62,GR
63,SV
64,BD
65,AR
66,HN
67,CZ
68,CY
69,KW
70,ID
71,MA
72,KE
73,PL
74,TR
75,NG
76,GE
77,AZ
78,JO
79,KY
80,VE
81,SC
82,TZ
