"id","skill_abr_set","skill_name_set"
1,N/A,N/A
2,"MRKT, PR, WRT",
3,SALE,
4,"FIN, SALE",
5,"SALE, ADVR, BD",
6,"ENG, PRJM",
7,"ENG, IT",
8,"SALE, BD, GENB",
9,ADM,
10,"SUPL, MNFC, PROD",
11,IT,
12,"BD, SALE",
13,"MGMT, TRNG",
14,"MGMT, MNFC",
15,"GENB, BD, SALE",
16,PRJM,
17,OTHR,
18,"SALE, BD",
19,LGL,
20,"LGL, ADM",
21,"SALE, MRKT",
22,ACCT,
23,"FIN, SALE, BD",
24,MGMT,
25,"PRJM, IT",
26,"MRKT, WRT, DSGN",
27,"PRJM, ENG, OTHR",
28,"ADM, PRJM",
29,"RSCH, ANLS",
30,"ACCT, BD, SALE",
31,"RSCH, ANLS, IT",
32,"MRKT, SALE",
33,"IT, PRJM, ANLS",
34,"FIN, IT, BD",
35,"ADM, ANLS, CNSL",
36,"PRJM, MGMT",
37,ADVR,
38,"EDU, TRNG",
39,CNSL,
40,MNFC,
41,"PRCH, SUPL",
42,"CUST, QA",
43,"HR, OTHR, ACCT",
44,"SCI, RSCH, OTHR",
45,"LGL, FIN",
46,QA,
47,HCPR,
48,"IT, ENG, MGMT",
49,"RSCH, IT",
50,"STRA, FIN, GENB",
51,"CNSL, HR, WRT",
52,"ANLS, FIN, CNSL",
53,"MRKT, ADVR",
54,"ENG, MNFC, MGMT",
55,"ACCT, FIN",
56,"MGMT, SUPL, PRCH",
57,"ADM, STRA",
58,"ENG, MNFC",
59,HR,
60,"ADM, ANLS, FIN",
61,"HR, ACCT, ADM",
62,ENG,
63,"ACCT, FIN, OTHR",
64,MRKT,
65,ANLS,
66,"OTHR, IT, MGMT",
67,GENB,
68,"CNSL, IT, SALE",
69,"MGMT, SALE",
70,"DSGN, CNSL",
71,"DSGN, ART",
72,"IT, DSGN",
73,"ACCT, PRJM",
74,"MGMT, ADM, PRJM",
75,"MGMT, MNFC, IT",
76,"CUST, GENB",
77,SUPL,
78,"MNFC, MGMT",
79,"MGMT, GENB, FIN",
80,"MNFC, MGMT, SUPL",
81,"PRJM, DIST, HR",
82,"ENG, OTHR, GENB",
83,"HR, PRJM, ANLS",
84,"BD, PRDM, MRKT",
85,"CNSL, CUST",
86,SCI,
87,"DSGN, ENG",
88,"HCPR, SCI, OTHR",
89,"ENG, IT, CNSL",
90,"IT, CUST",
91,DSGN,
92,"SALE, BD, CUST",
93,"CUST, CNSL",
94,"MGMT, ANLS, CNSL",
95,"MGMT, OTHR",
96,"MGMT, MNFC, ENG",
97,CUST,
98,"ENG, CNSL",
99,"ADM, ADVR",
100,FIN,
101,"IT, HR, SUPL",
102,"MNFC, MGMT, PROD",
103,"STRA, IT",
104,"CUST, SALE, MRKT",
105,"IT, PRJM",
106,PRDM,
107,"IT, ENG, CNSL",
108,"MGMT, EDU, GENB",
109,"ENG, MGMT, OTHR",
110,"DSGN, ART, IT",
111,"ADM, CUST, GENB",
112,"BD, PRJM",
113,RSCH,
114,"SALE, MGMT",
115,"SALE, BD, MRKT",
116,"HR, ANLS",
117,"FIN, ANLS",
118,"TRNG, EDU",
119,"CUST, ADM, GENB",
120,"MRKT, PRDM",
121,"HR, ADM, CUST",
122,"ADM, CUST",
123,"MGMT, PRJM, ENG",
124,"TRNG, EDU, SALE",
125,"PRJM, BD, STRA",
126,"HR, ACCT",
127,"ACCT, ANLS, FIN",
128,"FIN, RSCH",
129,"ENG, DSGN, BD",
130,"PRJM, ENG",
131,"SALE, ADVR, MGMT",
132,"QA, MNFC",
133,"ACCT, FIN, ANLS",
134,"FIN, GENB, MRKT",
135,"OTHR, SCI",
136,"ADM, GENB",
137,EDU,
138,"MGMT, PRDM, ENG",
139,"FIN, ACCT",
140,"ENG, DSGN",
141,"SALE, DIST, FIN",
142,"CUST, DIST, SUPL",
143,"SUPL, MNFC, ENG",
144,"MGMT, TRNG, OTHR",
145,"CNSL, LGL",
146,"ADM, OTHR",
147,"LGL, QA, WRT",
148,"ENG, MNFC, PROD",
149,"PRDM, MRKT",
150,"MRKT, WRT, PR",
151,"PROD, MNFC, MGMT",
152,"CUST, MGMT, BD",
153,"PRDM, IT",
154,"STRA, PRJM, BD",
155,"ADM, FIN",
156,"FIN, GENB, CUST",
157,"SALE, FIN, BD",
158,"FIN, ACCT, PRJM",
159,"PRJM, MGMT, ENG",
160,"SUPL, ENG, MNFC",
161,ART,
162,"ADM, ENG, DSGN",
163,"FIN, SALE, MGMT",
164,"OTHR, PROD",
165,"QA, ENG",
166,"MNFC, ANLS, CNSL",
167,"ADM, GENB, HR",
168,"HR, CNSL, CUST",
169,"GENB, ADM, CUST",
170,"BD, MRKT, PRDM",
171,"ENG, RSCH",
172,"ANLS, IT",
173,"IT, ENG",
174,"PR, STRA, MRKT",
175,"STRA, CUST, ADM",
176,"ADM, FIN, MGMT",
177,"ANLS, FIN, CUST",
178,"MGMT, SUPL",
179,"ENG, OTHR, IT",
180,"PROD, MNFC",
181,"FIN, ACCT, GENB",
182,"SCI, RSCH",
183,"FIN, STRA",
184,"ADM, HR, ENG",
185,"WRT, MRKT, ANLS",
186,"CUST, DIST, QA",
187,"SALE, BD, FIN",
188,"IT, FIN, PRDM",
189,"MGMT, MNFC, PROD",
190,"ENG, MGMT, PRJM",
191,"HR, IT, CNSL",
192,"MGMT, CUST, PROD",
193,"GENB, ANLS, CNSL",
194,"ACCT, CUST, FIN",
195,"ADM, DSGN, ENG",
196,"CUST, ADM",
197,"ACCT, CNSL, CUST",
198,"ANLS, IT, CUST",
199,"ENG, DSGN, PROD",
200,"CNSL, ENG, IT",
201,"RSCH, SCI",
202,"CNSL, FIN",
203,"PRJM, MGMT, DSGN",
204,"MGMT, CUST, ADM",
205,"SUPL, PRCH, MNFC",
206,"IT, OTHR, ENG",
207,"LGL, MGMT, OTHR",
208,"ACCT, ANLS, GENB",
209,"PRJM, MGMT, IT",
210,PR,
211,"OTHR, IT",
212,"SCI, CNSL",
213,"SCI, ANLS, RSCH",
214,"ANLS, PRJM, STRA",
215,"SALE, CUST",
216,"WRT, IT",
217,STRA,
218,"BD, IT, MGMT",
219,"BD, SALE, MRKT",
220,"ACCT, GENB, STRA",
221,"ANLS, ADM",
222,PRCH,
223,"ADM, ACCT",
224,"GENB, BD",
225,"ADM, LGL",
226,"OTHR, SALE",
227,"IT, ADM",
228,"ACCT, FIN, GENB",
229,"IT, ENG, ANLS",
230,"EDU, SALE, CUST",
231,"GENB, MGMT",
232,"GENB, ENG",
233,"ADM, PR, STRA",
234,"IT, MGMT, OTHR",
235,"GENB, IT, TRNG",
236,"ACCT, FIN, STRA",
237,"HCPR, CUST",
238,"ADM, CUST, PRJM",
239,"ENG, IT, MNFC",
240,"PRJM, CNSL, STRA",
241,"MGMT, LGL",
242,"LGL, PR, OTHR",
243,"SALE, BD, CNSL",
244,"HCPR, ADM",
245,"MRKT, DSGN",
246,"ART, DSGN, PROD",
247,"CUST, FIN, OTHR",
248,"BD, CNSL, CUST",
249,"RSCH, WRT",
250,"IT, MGMT",
251,"DSGN, IT, ENG",
252,"WRT, ART, ADVR",
253,"ADM, PRJM, CUST",
254,"SCI, MGMT",
255,"CUST, MRKT",
256,"ART, DSGN",
257,"DSGN, IT",
258,"IT, ENG, OTHR",
259,"ADM, LGL, MRKT",
260,"IT, MGMT, PRJM",
261,"ANLS, BD, IT",
262,"STRA, PRJM",
263,"SCI, OTHR",
264,WRT,
265,"RSCH, ENG",
266,"CNSL, SALE, BD",
267,"ENG, MNFC, SUPL",
268,"ADM, STRA, MRKT",
269,"IT, ADM, DSGN",
270,"DSGN, FIN, PRJM",
271,"HCPR, OTHR",
272,"PRJM, MRKT, PRDM",
273,"DIST, HCPR",
274,"LGL, OTHR",
275,"ACCT, MGMT",
276,"WRT, ADM",
277,"FIN, ANLS, ACCT",
278,"GENB, MGMT, SALE",
279,"PRCH, MGMT, STRA",
280,"PRJM, ART, DSGN",
281,"CUST, CNSL, SALE",
282,"ACCT, ADM",
283,"ENG, MGMT",
284,"EDU, CUST",
285,"BD, SALE, MGMT",
286,"ENG, PRDM, MRKT",
287,"GENB, MGMT, BD",
288,"FIN, SALE, STRA",
289,"HR, ADM",
290,"MGMT, HCPR",
291,"ANLS, IT, RSCH",
292,"DSGN, ENG, MGMT",
293,"ADM, CNSL, CUST",
294,"SUPL, DIST",
295,"MGMT, PRJM",
296,"ART, DSGN, MRKT",
297,"ADVR, MRKT, SALE",
298,"DSGN, ENG, RSCH",
299,"ANLS, BD",
300,"MRKT, GENB, OTHR",
301,"ACCT, ANLS",
302,"EDU, TRNG, BD",
303,"FIN, SALE, ACCT",
304,"PROD, ADM, OTHR",
305,"PRJM, IT, PRDM",
306,"BD, IT",
307,"ART, DSGN, IT",
308,"MGMT, ADM",
309,"ACCT, ADM, FIN",
310,BD,
311,"CNSL, IT, ENG",
312,"ANLS, CUST",
313,"OTHR, MNFC",
314,"IT, CNSL, ENG",
315,"BD, SALE, FIN",
316,"IT, CNSL, PRJM",
317,"SALE, MGMT, CUST",
318,"CNSL, IT",
319,"PROD, MGMT, QA",
320,"ADM, HCPR",
321,"ENG, CNSL, PRJM",
322,"PRJM, STRA",
323,"MNFC, PROD, SCI",
324,"QA, IT, ENG",
325,"PRJM, BD, IT",
326,"PR, CUST",
327,"HR, MGMT",
328,"PRJM, MGMT, PRDM",
329,"FIN, ACCT, CNSL",
330,"CUST, IT, MGMT",
331,"IT, ANLS, ENG",
332,PROD,
333,"QA, MNFC, PROD",
334,"ENG, SCI, MGMT",
335,"IT, ANLS, RSCH",
336,"MNFC, OTHR",
337,"MGMT, DIST, SUPL",
338,"IT, STRA, PRDM",
339,"FIN, SALE, CUST",
340,"ADM, PRJM, WRT",
341,"ADM, PRDM",
342,"FIN, IT, ACCT",
343,"MGMT, SUPL, DIST",
344,"RSCH, SCI, MNFC",
345,"IT, ANLS",
346,"ADM, CUST, HR",
347,"FIN, STRA, ACCT",
348,"SALE, CNSL, IT",
349,"CUST, BD, CNSL",
350,"ADM, CUST, OTHR",
351,"ADM, ANLS, PRJM",
352,"GENB, MGMT, STRA",
353,"ANLS, RSCH",
354,"MGMT, CUST, EDU",
355,"RSCH, ANLS, PR",
356,"ART, DSGN, WRT",
357,"FIN, ACCT, MNFC",
358,"EDU, OTHR",
359,"DSGN, SCI, ENG",
360,"PR, MGMT, MRKT",
361,"PRDM, PROD, QA",
362,"MRKT, STRA, ART",
363,"ADVR, MRKT",
364,"HCPR, MGMT, OTHR",
365,"TRNG, MGMT, CUST",
366,"CUST, FIN",
367,"BD, FIN, PRDM",
368,"ADM, MGMT, BD",
369,"FIN, STRA, OTHR",
370,"DIST, CUST",
371,"STRA, MRKT, SALE",
372,"BD, MGMT, MNFC",
373,"MGMT, PROD",
374,"WRT, MRKT",
375,"IT, CNSL, SALE",
376,"MGMT, BD, SUPL",
377,"LGL, IT",
378,"CUST, SALE, BD",
379,"PRJM, PROD",
380,"MNFC, SUPL, STRA",
381,"DIST, MNFC, PRDM",
382,"BD, CNSL, SALE",
383,"BD, QA",
384,"SALE, BD, MGMT",
385,"ANLS, PRCH",
386,"STRA, WRT",
387,"STRA, ENG, PRJM",
388,"ART, MRKT, RSCH",
389,"ENG, IT, CUST",
390,"CNSL, ENG",
391,"CUST, ENG, MGMT",
392,"IT, QA",
393,"OTHR, ENG",
394,"ACCT, MNFC",
395,"ACCT, FIN, CNSL",
396,"PRJM, DSGN, ENG",
397,"MNFC, ENG",
398,"MRKT, STRA, ADVR",
399,"IT, ENG, ART",
400,"MRKT, DSGN, STRA",
401,"HCPR, IT, MGMT",
402,"BD, PRJM, STRA",
403,"MGMT, ANLS, FIN",
404,"DSGN, IT, OTHR",
405,"SUPL, PRCH",
406,"ADM, HCPR, CUST",
407,"RSCH, SCI, ENG",
408,"HCPR, MGMT",
409,"ANLS, IT, PRJM",
410,"TRNG, HR",
411,"RSCH, WRT, ANLS",
412,"PRJM, OTHR, ENG",
413,"ANLS, DSGN, STRA",
414,"ENG, MNFC, ADM",
415,"STRA, ANLS, IT",
416,"ENG, OTHR, DSGN",
417,"MGMT, GENB, PROD",
418,"MNFC, PROD",
419,"CNSL, DSGN, IT",
420,"CNSL, MGMT, STRA",
421,"MGMT, ENG",
422,TRNG,
423,"SALE, CNSL, BD",
424,"QA, SCI, MGMT",
425,"ADM, GENB, MGMT",
426,"PROD, IT, ENG",
427,"MGMT, ADM, CUST",
428,"PROD, SUPL, MNFC",
429,"CNSL, PRJM, SUPL",
430,"IT, ENG, PRJM",
431,"HCPR, CUST, QA",
432,"QA, PRDM, ENG",
433,"MRKT, PRDM, ART",
434,"WRT, FIN",
435,"HR, MGMT, STRA",
436,"HR, OTHR",
437,"CUST, GENB, ADM",
438,"PRJM, PROD, IT",
439,"GENB, ADM",
440,"CNSL, CUST, PR",
441,"STRA, ADM",
442,"CUST, SALE, PR",
443,"STRA, IT, PRDM",
444,"HR, MGMT, TRNG",
445,"HR, TRNG, EDU",
446,"TRNG, SALE, CUST",
447,"PRCH, SUPL, IT",
448,"ACCT, ADM, ANLS",
449,"ENG, MGMT, CUST",
450,"BD, OTHR, DSGN",
451,"CNSL, ENG, MNFC",
452,"FIN, LGL",
453,"ADM, HR, HCPR",
454,"QA, CUST, OTHR",
455,"STRA, TRNG, BD",
456,"ACCT, FIN, CUST",
457,"DSGN, ENG, MNFC",
458,"BD, CUST",
459,"ADVR, BD",
460,"HR, MNFC, OTHR",
461,"CNSL, PRJM, ENG",
462,"SALE, FIN, PRDM",
463,"PRJM, IT, PRCH",
464,"SALE, IT, BD",
465,"BD, ADM",
466,"HR, HCPR",
467,"ENG, MNFC, PRJM",
468,"OTHR, CUST, ENG",
469,"PRJM, ENG, MNFC",
470,"QA, ADM, PRJM",
471,"PRJM, MRKT",
472,"ENG, DSGN, PRJM",
473,"PRJM, SCI",
474,DIST,
475,"PR, MRKT, WRT",
476,"RSCH, ANLS, STRA",
477,"OTHR, LGL",
478,"SCI, RSCH, ANLS",
479,"IT, ACCT",
480,"ADM, HR",
481,"RSCH, HCPR, MGMT",
482,"STRA, QA, BD",
483,"ART, DSGN, OTHR",
484,"ENG, MGMT, MNFC",
485,"DSGN, MRKT, STRA",
486,"IT, CNSL",
487,"MRKT, SALE, CUST",
488,"IT, MRKT",
489,"MGMT, SALE, CUST",
490,"PRJM, RSCH, SCI",
491,"PR, MRKT",
492,"BD, CUST, TRNG",
493,"ACCT, STRA, FIN",
494,"MGMT, FIN, ACCT",
495,"ANLS, PRJM, PRDM",
496,"RSCH, ADM, MGMT",
497,"SALE, GENB, CUST",
498,"ANLS, BD, FIN",
499,"ENG, IT, DSGN",
500,"FIN, ANLS, CNSL",
501,"FIN, STRA, SALE",
502,"SALE, RSCH",
503,"MRKT, PRDM, SALE",
504,"FIN, SCI",
505,"IT, ENG, DSGN",
506,"MGMT, SALE, STRA",
507,"PRDM, PRJM, MNFC",
508,"SUPL, CUST",
509,"MGMT, STRA, CNSL",
510,"PRJM, ENG, GENB",
511,"DSGN, WRT, MRKT",
512,"ACCT, SALE",
513,"MNFC, QA, PROD",
514,"WRT, IT, ENG",
515,"FIN, MGMT, ADM",
516,"GENB, OTHR, ADM",
517,"IT, OTHR",
518,"ADM, ACCT, ADVR",
519,"CUST, CNSL, OTHR",
520,"GENB, OTHR",
521,"ACCT, STRA, BD",
522,"SALE, MRKT, CUST",
523,"ANLS, IT, ENG",
524,"DIST, SUPL",
525,"WRT, ANLS",
526,"OTHR, MGMT",
527,"RSCH, PRJM",
528,"BD, GENB, STRA",
529,"ANLS, LGL, CUST",
530,"BD, STRA, MGMT",
531,"QA, PROD, ART",
532,"FIN, ACCT, ADM",
533,"DIST, SUPL, ENG",
534,"QA, SCI, ENG",
535,"ENG, BD, PRJM",
536,"ADM, QA, WRT",
537,"SALE, MGMT, MRKT",
538,"DSGN, ART, MRKT",
539,"ANLS, IT, STRA",
540,"GENB, CUST",
541,"FIN, ACCT, ANLS",
542,"SALE, FIN",
543,"STRA, FIN, ACCT",
544,"PROD, MNFC, OTHR",
545,"SALE, CUST, STRA",
546,"CUST, MRKT, SALE",
547,"SCI, HCPR",
548,"IT, PRJM, BD",
549,"GENB, FIN, ANLS",
550,"CNSL, CUST, PRDM",
551,"GENB, MNFC, CUST",
552,"ENG, PRDM",
553,"HCPR, ACCT",
554,"MGMT, IT, ENG",
555,"CNSL, ENG, PRDM",
556,"ENG, IT, RSCH",
557,"MNFC, RSCH, STRA",
558,"ADM, DSGN, ANLS",
559,"PRJM, FIN, ENG",
560,"TRNG, HCPR",
561,"MGMT, BD, SALE",
562,"EDU, RSCH, TRNG",
563,"QA, SALE, CUST",
564,"PR, WRT, MRKT",
565,"GENB, CUST, OTHR",
566,"OTHR, MNFC, ENG",
567,"GENB, OTHR, HCPR",
568,"GENB, OTHR, BD",
569,"FIN, CNSL, ACCT",
570,"DSGN, ART, PRJM",
571,"MRKT, SALE, PR",
572,"PROD, OTHR",
573,"ADM, LGL, SUPL",
574,"ADM, GENB, HCPR",
575,"OTHR, CNSL, HCPR",
576,"EDU, IT",
577,"ADVR, PR, MRKT",
578,"QA, IT",
579,"IT, PRDM, ENG",
580,"QA, PROD, SUPL",
581,"CUST, PRDM",
582,"IT, HCPR",
583,"FIN, ACCT, STRA",
584,"GENB, STRA, CNSL",
585,"IT, FIN",
586,"QA, PROD, OTHR",
587,"ADM, PRCH, ANLS",
588,"DSGN, MRKT, PRDM",
589,"SALE, OTHR, CUST",
590,"MNFC, ENG, TRNG",
591,"CUST, SALE",
592,"PRCH, STRA, ANLS",
593,"IT, ANLS, MRKT",
594,"LGL, CNSL",
595,"HCPR, SCI",
596,"DIST, SUPL, CUST",
597,"ENG, IT, PRJM",
598,"BD, STRA",
599,"PRDM, IT, PRJM",
600,"BD, GENB",
601,"SUPL, ADM",
602,"BD, ACCT",
603,"PROD, MGMT",
604,"QA, MNFC, LGL",
605,"RSCH, OTHR, IT",
606,"SALE, BD, IT",
607,"ENG, OTHR",
608,"ACCT, CNSL, FIN",
609,"ADM, HR, CUST",
610,"DSGN, MRKT, ADVR",
611,"ENG, PRDM, MNFC",
612,"ART, MRKT, CUST",
613,"MRKT, SCI",
614,"PROD, MNFC, ENG",
615,"CUST, MGMT, PRDM",
616,"BD, MGMT",
617,"ACCT, HR, GENB",
618,"MGMT, OTHR, CUST",
619,"SALE, ADM, ENG",
620,"MGMT, MRKT, SALE",
621,"BD, CUST, SALE",
622,"BD, CUST, MGMT",
623,"ACCT, BD, FIN",
624,"ACCT, FIN, PRJM",
625,"ACCT, FIN, MGMT",
626,"ADM, MGMT, PRJM",
627,"GENB, ENG, LGL",
628,"PRCH, SUPL, STRA",
629,"PRCH, SUPL, MGMT",
630,"QA, MNFC, RSCH",
631,"PRCH, ACCT, FIN",
632,"ENG, MGMT, ADM",
633,"BD, SALE, GENB",
634,"OTHR, ADM",
635,"MNFC, TRNG",
636,"HR, PRJM, CNSL",
637,"ENG, IT, SCI",
638,"ADM, MGMT, HCPR",
639,"SALE, CUST, ADM",
640,"ACCT, CUST, MNFC",
641,"IT, ANLS, FIN",
642,"CUST, SALE, MGMT",
643,"MNFC, ENG, IT",
644,"ADVR, CUST, CNSL",
645,"ACCT, FIN, ADM",
646,"PRCH, SUPL, PRDM",
647,"BD, FIN, GENB",
648,"ANLS, FIN, ACCT",
649,"QA, ENG, IT",
650,"ACCT, CNSL",
651,"MGMT, WRT",
652,"QA, DIST",
653,"SALE, CUST, MRKT",
654,"RSCH, IT, ANLS",
655,"CNSL, PRJM, ANLS",
656,"MNFC, ENG, PROD",
657,"MNFC, RSCH, SCI",
658,"IT, RSCH",
659,"HR, PR, WRT",
660,"QA, MGMT, HCPR",
661,"ENG, PRJM, IT",
662,"ADVR, BD, MRKT",
663,"ACCT, HR",
664,"STRA, TRNG, QA",
665,"MGMT, CUST, GENB",
666,"MRKT, BD, SALE",
667,"ADM, OTHR, GENB",
668,"ENG, QA, PRDM",
669,"DSGN, PRJM, HR",
670,"IT, BD, CNSL",
671,"CNSL, BD, GENB",
672,"PRDM, MRKT, MGMT",
673,"IT, GENB, OTHR",
674,"ANLS, PRJM, CNSL",
675,"ANLS, FIN",
676,"DSGN, ART, ENG",
677,"IT, QA, ANLS",
678,"ANLS, BD, PRDM",
679,"ANLS, MRKT, STRA",
680,"ANLS, PRDM, STRA",
681,"PRJM, CNSL",
682,"WRT, OTHR",
683,"ANLS, WRT, MRKT",
684,"CUST, SALE, CNSL",
685,"HR, STRA",
686,"HCPR, RSCH, SCI",
687,"ENG, SCI, IT",
688,"CNSL, QA, ENG",
689,"PRJM, STRA, ENG",
690,"GENB, ANLS, CUST",
691,"MGMT, ADM, OTHR",
692,"GENB, ANLS",
693,"IT, ANLS, OTHR",
694,"QA, PROD, MNFC",
695,"ART, DSGN, MGMT",
696,"LGL, FIN, ACCT",
697,"MGMT, CUST",
698,"CUST, ACCT",
699,"ANLS, HCPR",
700,"PRJM, CNSL, ENG",
701,"QA, HCPR",
702,"MGMT, CNSL, ENG",
703,"BD, SCI, MRKT",
704,"IT, HR, ANLS",
705,"DIST, SUPL, MNFC",
706,"FIN, BD",
707,"MGMT, MNFC, QA",
708,"ANLS, CNSL, PRJM",
709,"RSCH, IT, ENG",
710,"SCI, MNFC, ENG",
711,"MNFC, ACCT, OTHR",
712,"ENG, QA",
713,"SALE, ADM, CUST",
714,"RSCH, SCI, CNSL",
715,"BD, SALE, CNSL",
716,"LGL, BD, CNSL",
717,"MRKT, PRDM, RSCH",
718,"MGMT, FIN, PRJM",
719,"SALE, STRA, MRKT",
720,"BD, CNSL, STRA",
721,"PRJM, QA, MGMT",
722,"BD, STRA, CNSL",
723,"QA, RSCH, IT",
724,"CUST, BD, IT",
725,"GENB, FIN, ACCT",
726,"ADM, ANLS, QA",
727,"MNFC, PROD, ENG",
728,"SALE, FIN, CUST",
729,"PROD, DIST, CUST",
730,"GENB, MNFC, STRA",
731,"ANLS, CNSL, FIN",
732,"ADM, BD, PRDM",
733,"BD, LGL, FIN",
734,"SUPL, MGMT",
735,"ACCT, BD, ADM",
736,"SALE, CUST, BD",
737,"BD, PRJM, ENG",
738,"WRT, MRKT, ART",
739,"RSCH, SCI, PRJM",
740,"IT, PRJM, MGMT",
741,"MRKT, RSCH, WRT",
742,"DSGN, ART, BD",
743,"ENG, SALE, OTHR",
744,"LGL, ACCT",
745,"ACCT, QA",
746,"EDU, SCI, RSCH",
747,"CUST, ART, SALE",
748,"WRT, EDU",
749,"ENG, IT, FIN",
750,"RSCH, MGMT",
751,"OTHR, LGL, BD",
752,"CUST, IT",
753,"QA, DSGN, ENG",
754,"TRNG, CUST",
755,"ENG, DSGN, IT",
756,"SALE, PRDM",
757,"ENG, PRJM, DSGN",
758,"EDU, WRT, RSCH",
759,"SALE, ACCT, BD",
760,"PR, ART, MRKT",
761,"RSCH, SCI, OTHR",
762,"BD, SALE, PRJM",
763,"IT, RSCH, SCI",
764,"ENG, CUST, MNFC",
765,"ANLS, ENG, IT",
766,"MRKT, PR",
767,"LGL, PRJM",
768,"MRKT, OTHR",
769,"EDU, CUST, ADM",
770,"CUST, EDU, ADM",
771,"SALE, BD, PRDM",
772,"SCI, IT, PRDM",
773,"TRNG, CNSL, CUST",
774,"CNSL, CUST, IT",
775,"LGL, GENB, STRA",
776,"RSCH, STRA",
777,"SUPL, HR",
778,"HR, SALE, BD",
779,"RSCH, EDU",
780,"ENG, IT, MGMT",
781,"GENB, ADM, MGMT",
782,"CNSL, ENG, PRJM",
783,"PROD, MNFC, SUPL",
784,"MNFC, ENG, PRJM",
785,"ENG, PRJM, CNSL",
786,"HR, BD, CNSL",
787,"GENB, MGMT, CUST",
788,"IT, ADM, ENG",
789,"ADVR, MRKT, PRDM",
790,"IT, FIN, ENG",
791,"GENB, MRKT, PRDM",
792,"PRJM, IT, CUST",
793,"BD, STRA, PRJM",
794,"IT, WRT",
795,"WRT, HCPR",
796,"ENG, WRT",
797,"HCPR, WRT",
798,"IT, MNFC, CNSL",
799,"ART, WRT",
800,"ENG, ANLS, IT",
801,"PRJM, ENG, BD",
802,"ENG, DSGN, CNSL",
803,"HCPR, ADM, BD",
804,"PRJM, GENB",
805,"ACCT, ADM, HR",
806,"OTHR, CUST",
807,"ADM, GENB, CUST",
808,"ADM, GENB, BD",
809,"ADM, SUPL, CUST",
810,"HCPR, CNSL",
811,"HCPR, ANLS",
812,"ADM, BD, CNSL",
813,"ENG, DSGN, MGMT",
814,"FIN, ANLS, STRA",
815,"CNSL, HCPR, OTHR",
816,"ADM, PRJM, BD",
817,"ENG, DSGN, RSCH",
818,"PRJM, DSGN, GENB",
819,"ADM, GENB, OTHR",
820,"DSGN, ENG, PRJM",
821,"GENB, IT, CUST",
822,"LGL, CNSL, GENB",
823,"PROD, PR",
824,"CNSL, SALE, OTHR",
825,"BD, MGMT, STRA",
826,"WRT, ANLS, CNSL",
827,"BD, MRKT, SALE",
828,"WRT, CNSL, ADVR",
829,"ADVR, MRKT, STRA",
830,"LGL, ACCT, CUST",
831,"ADM, CUST, STRA",
832,"ART, MRKT, WRT",
833,"IT, ANLS, BD",
834,"ADM, LGL, RSCH",
835,"BD, MRKT",
836,"ADM, ANLS",
837,"SALE, ADM, PRJM",
838,"MRKT, ADVR, DSGN",
839,"ANLS, QA, RSCH",
840,"ENG, DIST, MNFC",
841,"SUPL, SALE",
842,"IT, PRJM, CNSL",
843,"CUST, MGMT, MRKT",
844,"ADM, BD",
845,"CUST, ADM, IT",
846,"CNSL, CUST, SALE",
847,"IT, PRDM, SUPL",
848,"EDU, WRT",
849,"SCI, RSCH, MGMT",
850,"MRKT, WRT",
851,"IT, DSGN, ENG",
852,"QA, PROD, ADM",
853,"SALE, BD, MNFC",
854,"MNFC, QA, ENG",
855,"PR, ADVR, MRKT",
856,"CUST, ENG",
857,"SALE, MRKT, ADVR",
858,"DSGN, STRA",
859,"GENB, PRDM",
860,"ACCT, ANLS, MGMT",
861,"PRDM, QA, ENG",
862,"IT, ANLS, PRJM",
863,"PRDM, BD, CUST",
864,"ANLS, IT, SALE",
865,"MGMT, RSCH, SCI",
866,"ANLS, FIN, RSCH",
867,"OTHR, PRJM, MGMT",
868,"MGMT, OTHR, WRT",
869,"TRNG, LGL",
870,"PRJM, ANLS",
871,"MGMT, SALE, QA",
872,"DIST, ENG, PRJM",
873,"DSGN, PRJM, ART",
874,"PRJM, ENG, DSGN",
875,"BD, ACCT, ENG",
876,"GENB, BD, ADM",
877,"PRJM, ENG, STRA",
878,"SALE, DIST",
879,"ENG, ANLS, RSCH",
880,"FIN, IT",
881,"BD, LGL, MRKT",
882,"MNFC, ACCT",
883,"LGL, FIN, ANLS",
884,"MNFC, SUPL",
885,"FIN, EDU",
886,"SUPL, PRJM, ART",
887,"ADM, MNFC, PROD",
888,"MGMT, STRA, DIST",
889,"BD, RSCH, SCI",
890,"TRNG, SUPL, MNFC",
891,"MRKT, ADVR, SALE",
892,"ART, DSGN, ADVR",
893,"DSGN, ADVR",
894,"HR, ADM, STRA",
895,"ANLS, STRA, SUPL",
896,"IT, ADM, OTHR",
897,"MGMT, MNFC, SUPL",
898,"ENG, PROD, OTHR",
899,"DSGN, MNFC, STRA",
900,"MNFC, PRCH",
901,"CNSL, OTHR",
902,"ENG, DSGN, MNFC",
903,"MNFC, PRDM, PROD",
904,"PR, MRKT, ADVR",
905,"IT, RSCH, ANLS",
906,"SCI, ANLS, ENG",
907,"SALE, ANLS, BD",
908,"HCPR, SCI, CNSL",
909,"BD, CNSL, FIN",
910,"PRJM, ENG, MGMT",
911,"MRKT, ADVR, ANLS",
912,"ENG, MNFC, DSGN",
913,"IT, BD",
914,"OTHR, ADM, ANLS",
915,"MRKT, SALE, MGMT",
916,"ADM, CNSL, IT",
917,"OTHR, SALE, BD",
918,"ANLS, LGL",
919,"CUST, IT, ADM",
920,"MRKT, STRA, CNSL",
921,"DSGN, PRJM, QA",
922,"PRJM, BD, SALE",
923,"MGMT, OTHR, PRJM",
924,"ENG, FIN, RSCH",
925,"PRJM, DIST",
926,"MRKT, ADVR, OTHR",
927,"ENG, FIN",
928,"ENG, QA, CUST",
929,"PRJM, CNSL, HR",
930,"BD, SALE, STRA",
931,"ENG, GENB, OTHR",
932,"GENB, LGL, FIN",
933,"STRA, GENB, OTHR",
934,"CNSL, MGMT, PRJM",
935,"FIN, IT, MGMT",
936,"ENG, CNSL, DSGN",
937,"HCPR, TRNG, EDU",
938,"STRA, PR, WRT",
939,"PR, STRA",
940,"ADM, CUST, FIN",
941,"MRKT, ANLS",
942,"MGMT, PRJM, MNFC",
943,"FIN, CNSL",
944,"IT, ANLS, CNSL",
945,"STRA, BD, PRJM",
946,"HR, DIST, ENG",
947,"BD, STRA, SALE",
948,"BD, PRDM, PRJM",
949,"MNFC, QA, MGMT",
950,"ADM, GENB, PRJM",
951,"QA, PRDM",
952,"EDU, TRNG, CUST",
953,"HR, STRA, PRJM",
954,"ENG, SALE, BD",
955,"QA, ENG, MNFC",
956,"ENG, MNFC, QA",
957,"FIN, GENB, ACCT",
958,"LGL, ADM, CUST",
959,"CUST, IT, ANLS",
960,"MGMT, STRA",
961,"QA, CUST",
962,"IT, STRA",
963,"CNSL, MGMT, QA",
964,"WRT, PROD",
965,"ENG, SCI",
966,"SALE, BD, PRJM",
967,"ANLS, MRKT",
968,"BD, CNSL, IT",
969,"ENG, PROD, MGMT",
970,"SALE, TRNG, GENB",
971,"ANLS, BD, STRA",
972,"MNFC, BD, SALE",
973,"SALE, BD, SUPL",
974,"MRKT, BD, ADVR",
975,"MRKT, ADVR, PR",
976,"IT, SALE",
977,"HR, SALE",
978,"SUPL, MNFC, PRCH",
979,"IT, PRDM",
980,"PRJM, MNFC",
981,"SCI, MNFC, PROD",
982,"SALE, BD, ENG",
983,"MRKT, BD",
984,"ANLS, WRT",
985,"FIN, ACCT, IT",
986,"ANLS, PRDM, BD",
987,"CNSL, BD, SALE",
988,"ADM, PRJM, STRA",
989,"IT, PRJM, ENG",
990,"ADM, PRJM, IT",
991,"SALE, BD, ADVR",
992,"ANLS, FIN, IT",
993,"EDU, WRT, PRJM",
994,"MRKT, CUST, MGMT",
995,"DSGN, ENG, IT",
996,"IT, STRA, MRKT",
997,"ANLS, ENG, OTHR",
998,"MGMT, OTHR, STRA",
999,"BD, SALE, PR",
1000,"FIN, SALE, GENB",
1001,"ANLS, MRKT, SALE",
1002,"BD, STRA, PR",
1003,"WRT, ACCT",
1004,"MRKT, WRT, ADVR",
1005,"SUPL, SALE, BD",
1006,"ENG, PRJM, MNFC",
1007,"SUPL, PRCH, PR",
1008,"MRKT, PRJM, STRA",
1009,"ENG, PRJM, STRA",
1010,"SCI, RSCH, ADM",
1011,"ACCT, LGL",
1012,"ADM, PRCH, MNFC",
1013,"ANLS, CNSL, IT",
1014,"ADM, HCPR, SCI",
1015,"MGMT, MRKT, CUST",
1016,"MNFC, MGMT, PRJM",
1017,"MRKT, WRT, ART",
1018,"IT, BD, ART",
1019,"ACCT, ADM, ADVR",
1020,"IT, ART, WRT",
1021,"FIN, ADM",
1022,"ANLS, CNSL, HR",
1023,"OTHR, PROD, QA",
1024,"HR, CUST, ADM",
1025,"QA, DIST, MNFC",
1026,"PRCH, DIST, SUPL",
1027,"MRKT, SALE, IT",
1028,"MGMT, CNSL, STRA",
1029,"SALE, BD, HR",
1030,"BD, FIN, CNSL",
1031,"ACCT, FIN, IT",
1032,"SALE, BD, TRNG",
1033,"PROD, OTHR, MNFC",
1034,"DSGN, ENG, GENB",
1035,"ENG, QA, OTHR",
1036,"ENG, CNSL, MGMT",
1037,"GENB, MGMT, OTHR",
1038,"ACCT, EDU, FIN",
1039,"MGMT, CUST, STRA",
1040,"FIN, HCPR",
1041,"PRJM, PRDM",
1042,"QA, PRJM, DIST",
1043,"ADM, FIN, ACCT",
1044,"ADM, EDU",
1045,"ADM, CUST, SALE",
1046,"GENB, SUPL, OTHR",
1047,"IT, RSCH, OTHR",
1048,"CUST, MRKT, ADVR",
1049,"ENG, BD",
1050,"FIN, STRA, MGMT",
1051,"SALE, TRNG, MGMT",
1052,"ANLS, STRA, PRJM",
1053,"ADVR, MGMT",
1054,"ADM, ACCT, ENG",
1055,"BD, ENG, MGMT",
1056,"PR, WRT, IT",
1057,"PRDM, SALE",
1058,"ART, WRT, PROD",
1059,"GENB, BD, CUST",
1060,"MRKT, PRDM, ADVR",
1061,"FIN, HR",
1062,"SALE, ENG",
1063,"DSGN, MNFC, ENG",
1064,"ENG, PRJM, CUST",
1065,"IT, ANLS, DIST",
1066,"MNFC, TRNG, CUST",
1067,"LGL, CUST",
1068,"ADM, CUST, DIST",
1069,"QA, RSCH, MNFC",
1070,"PRJM, WRT",
1071,"QA, OTHR",
1072,"DSGN, MGMT, BD",
1073,"ADM, BD, ANLS",
1074,"CNSL, ADM",
1075,"QA, MNFC, ENG",
1076,"DSGN, IT, ART",
1077,"ANLS, OTHR",
1078,"BD, ENG, IT",
1079,"ENG, PRJM, MGMT",
1080,"PRJM, CUST, CNSL",
1081,"DSGN, CNSL, ENG",
1082,"ADM, LGL, CUST",
1083,"ANLS, CNSL",
1084,"SALE, TRNG",
1085,"STRA, CNSL",
1086,"MGMT, ANLS",
1087,"HCPR, BD, WRT",
1088,"PRJM, HR",
1089,"HR, CUST",
1090,"WRT, RSCH",
1091,"QA, RSCH",
1092,"PRDM, MRKT, DSGN",
1093,"ADM, PRJM, GENB",
1094,"MGMT, BD",
1095,"CUST, PROD, OTHR",
1096,"FIN, PRJM, STRA",
1097,"ENG, ANLS",
1098,"CNSL, ENG, DSGN",
1099,"ENG, IT, OTHR",
1100,"PROD, SUPL, CUST",
1101,"CNSL, WRT",
1102,"MNFC, MGMT, GENB",
1103,"CUST, OTHR",
1104,"SALE, PROD",
1105,"HR, STRA, ADM",
1106,"CNSL, STRA, OTHR",
1107,"MRKT, STRA, ANLS",
1108,"ADM, MGMT, LGL",
1109,"BD, MGMT, SALE",
1110,"ANLS, ENG",
1111,"ADM, CNSL, FIN",
1112,"SUPL, PRDM, DIST",
1113,"SUPL, MGMT, DIST",
1114,"ENG, CNSL, MNFC",
1115,"ADM, OTHR, PRJM",
1116,"FIN, MRKT, STRA",
1117,"GENB, PR, OTHR",
1118,"ENG, CNSL, STRA",
1119,"DSGN, RSCH",
1120,"PRJM, QA",
1121,"CUST, ADM, MRKT",
1122,"RSCH, SCI, QA",
1123,"MGMT, IT",
1124,"ADM, MGMT",
1125,"IT, HCPR, OTHR",
1126,"MNFC, SALE, MGMT",
1127,"SALE, FIN, OTHR",
1128,"SALE, FIN, RSCH",
1129,"MRKT, ART, MGMT",
1130,"IT, HR, ENG",
1131,"STRA, OTHR",
1132,"CNSL, RSCH, MRKT",
1133,"QA, ADM, HCPR",
1134,"SALE, CUST, DIST",
1135,"STRA, MGMT, SUPL",
1136,"ENG, PRJM, SUPL",
1137,"IT, CNSL, OTHR",
1138,"ENG, SALE, MGMT",
1139,"MGMT, SALE, OTHR",
1140,"CUST, STRA, MGMT",
1141,"ENG, EDU, OTHR",
1142,"HR, CNSL, GENB",
1143,"FIN, ACCT, ENG",
1144,"ACCT, ADM, CUST",
1145,"CNSL, IT, OTHR",
1146,"HR, SALE, MRKT",
1147,"ANLS, CNSL, OTHR",
1148,"MGMT, MRKT, PR",
1149,"SALE, BD, HCPR",
1150,"SALE, ADM",
1151,"PRJM, MRKT, STRA",
1152,"GENB, QA, PRJM",
1153,"DSGN, MGMT, PRJM",
1154,"SALE, BD, OTHR",
1155,"SALE, FIN, GENB",
1156,"DSGN, ART, CNSL",
1157,"MRKT, STRA, MGMT",
1158,"CNSL, IT, MGMT",
1159,"DSGN, ENG, SALE",
1160,"ACCT, CNSL, IT",
1161,"OTHR, WRT",
1162,"HR, FIN",
1163,"SCI, ADM, PRJM",
1164,"GENB, PRCH, BD",
1165,"MRKT, SALE, PRDM",
1166,"HR, STRA, LGL",
1167,"ANLS, ADVR",
1168,"PRJM, ART",
1169,"HCPR, SCI, TRNG",
1170,"ENG, PRDM, BD",
1171,"MGMT, SALE, BD",
1172,"CUST, HCPR",
1173,"FIN, ACCT, MGMT",
1174,"CUST, ENG, PRDM",
1175,"ENG, PRJM, OTHR",
1176,"ENG, DSGN, QA",
1177,"BD, IT, PRJM",
1178,"SALE, CNSL, OTHR",
1179,"SALE, MRKT, CNSL",
1180,"PROD, MGMT, MNFC",
1181,"SALE, MGMT, BD",
1182,"HR, CNSL, ADM",
1183,"SALE, PRJM",
1184,"IT, CNSL, ADM",
1185,"RSCH, SCI, MGMT",
1186,"ART, OTHR",
1187,"CNSL, CUST, OTHR",
1188,"LGL, GENB, ACCT",
1189,"MGMT, MRKT, ANLS",
1190,"ADM, PRCH",
1191,"ACCT, HR, ADM",
1192,"IT, ANLS, DSGN",
1193,"MNFC, PRDM, PRJM",
1194,"QA, SCI, OTHR",
1195,"LGL, GENB, ADM",
1196,"MGMT, EDU, CNSL",
1197,"PRJM, DSGN",
1198,"CUST, EDU",
1199,"STRA, FIN, DSGN",
1200,"ANLS, SCI, OTHR",
1201,"DIST, MNFC",
1202,"SUPL, MNFC, STRA",
1203,"ANLS, IT, PROD",
1204,"PRJM, PRDM, ENG",
1205,"ANLS, FIN, MGMT",
1206,"ACCT, ADM, GENB",
1207,"CNSL, ANLS, PRJM",
1208,"GENB, STRA, RSCH",
1209,"PRJM, ADM, LGL",
1210,"WRT, PR",
1211,"ADM, OTHR, FIN",
1212,"IT, ART",
1213,"SUPL, STRA, BD",
1214,"ANLS, HR, STRA",
1215,"ACCT, FIN, MRKT",
1216,"LGL, QA",
1217,"MRKT, PR, STRA",
1218,"ADM, PRJM, MRKT",
1219,"DSGN, ENG, DIST",
1220,"CUST, DIST, SALE",
1221,"SUPL, MNFC",
1222,"ADM, CUST, DSGN",
1223,"CUST, CNSL, PRJM",
1224,"ADM, PRCH, SUPL",
1225,"CUST, GENB, PRJM",
1226,"ADM, CUST, HCPR",
1227,"ACCT, ANLS, OTHR",
1228,"MGMT, PRDM, PROD",
1229,"ADM, ART, PRJM",
1230,"ANLS, SUPL",
1231,"SALE, FIN, IT",
1232,"WRT, ADVR",
1233,"ADVR, MRKT, PR",
1234,"EDU, TRNG, MGMT",
1235,"MNFC, QA",
1236,"MNFC, STRA, SUPL",
1237,"MNFC, PRJM, ENG",
1238,"ENG, PRJM, ANLS",
1239,"ADM, MNFC, CUST",
1240,"MGMT, FIN, ADM",
1241,"STRA, ADM, PRJM",
1242,"PRJM, WRT, PROD",
1243,"PRDM, MRKT, BD",
1244,"LGL, GENB, WRT",
1245,"PRDM, MGMT, STRA",
1246,"ANLS, IT, CNSL",
1247,"PRDM, ART, RSCH",
1248,"GENB, LGL",
1249,"CUST, SALE, STRA",
1250,"CNSL, IT, STRA",
1251,"GENB, MGMT, FIN",
1252,"EDU, PRJM",
1253,"MRKT, EDU, SALE",
1254,"ENG, MGMT, BD",
1255,"SALE, CUST, GENB",
1256,"SCI, PROD",
1257,"CUST, HR",
1258,"ACCT, ANLS, ADM",
1259,"ADM, CUST, TRNG",
1260,"MGMT, SCI",
1261,"FIN, OTHR, ANLS",
1262,"MRKT, ADVR, ART",
1263,"ADM, HR, EDU",
1264,"ADM, CUST, EDU",
1265,"ADM, ACCT, ANLS",
1266,"BD, HR",
1267,"CUST, GENB, OTHR",
1268,"TRNG, ENG",
1269,"BD, SALE, CUST",
1270,"ACCT, ENG",
1271,"ADVR, PROD",
1272,"OTHR, PRJM",
1273,"ENG, IT, MRKT",
1274,"MRKT, STRA, PRDM",
1275,"MRKT, ADVR, PRJM",
1276,"IT, BD, MGMT",
1277,"ART, ADVR, DSGN",
1278,"PROD, PRDM, MNFC",
1279,"CNSL, EDU, STRA",
1280,"ENG, OTHR, ADM",
1281,"SALE, FIN, CNSL",
1282,"ACCT, PRJM, OTHR",
1283,"ADM, IT",
1284,"MGMT, STRA, TRNG",
1285,"MNFC, ADM, CUST",
1286,"ADM, HCPR, PRJM",
1287,"DSGN, EDU",
1288,"ENG, CUST",
1289,"IT, SUPL",
1290,"ADVR, MGMT, MNFC",
1291,"IT, MNFC",
1292,"ADM, STRA, TRNG",
1293,"HCPR, EDU",
1294,"HR, TRNG, STRA",
1295,"PRJM, ENG, PR",
1296,"CUST, PRDM, DIST",
1297,"TRNG, GENB, IT",
1298,"IT, PRJM, STRA",
1299,"PRDM, QA, MNFC",
1300,"BD, SALE, DIST",
1301,"BD, PRJM, SALE",
1302,"CNSL, EDU, OTHR",
1303,"ADM, MNFC, FIN",
1304,"ANLS, PRJM",
1305,"DSGN, PRDM, OTHR",
1306,"SALE, BD, DSGN",
1307,"PRJM, ADM",
1308,"LGL, QA, ADM",
1309,"SALE, HCPR, SCI",
1310,"ACCT, ANLS, STRA",
1311,"SALE, CNSL, FIN",
1312,"PRJM, IT, MGMT",
1313,"SALE, CUST, OTHR",
1314,"ACCT, OTHR",
1315,"SALE, ENG, PRJM",
1316,"MGMT, QA, OTHR",
1317,"IT, BD, ADVR",
1318,"OTHR, CNSL",
1319,"ANLS, RSCH, PRJM",
1320,"ADM, FIN, PRJM",
1321,"ACCT, FIN, DIST",
1322,"IT, ADM, ANLS",
1323,"SUPL, STRA",
1324,"ANLS, SALE, STRA",
1325,"ANLS, DSGN, ENG",
1326,"MNFC, PRDM, ENG",
1327,"IT, MGMT, CNSL",
1328,"ADVR, MGMT, MRKT",
1329,"QA, SCI",
1330,"ADM, HCPR, EDU",
1331,"ANLS, MGMT",
1332,"FIN, OTHR",
1333,"MRKT, SALE, WRT",
1334,"DSGN, MRKT",
1335,"WRT, STRA",
1336,"MNFC, DSGN, OTHR",
1337,"ENG, PROD, MNFC",
1338,"ENG, IT, PRDM",
1339,"STRA, MGMT, MNFC",
1340,"ACCT, MNFC, PROD",
1341,"DSGN, PRJM",
1342,"MNFC, HR, ADM",
1343,"STRA, PRJM, IT",
1344,"PRJM, ENG, SCI",
1345,"DSGN, WRT, OTHR",
1346,"ACCT, FIN, HR",
1347,"ADM, EDU, CUST",
1348,"BD, SALE, OTHR",
1349,"FIN, ANLS, OTHR",
1350,"ADM, CUST, MGMT",
1351,"PRJM, IT, BD",
1352,"MNFC, SCI, ENG",
1353,"ENG, IT, ADM",
1354,"FIN, QA",
1355,"MNFC, ADM, ENG",
1356,"PR, WRT",
1357,"BD, ANLS, STRA",
1358,"HR, TRNG, MGMT",
1359,"SCI, STRA",
1360,"TRNG, SALE, ENG",
1361,"HCPR, CNSL, CUST",
1362,"PRJM, MNFC, ENG",
1363,"BD, FIN",
1364,"LGL, TRNG",
1365,"BD, IT, HR",
1366,"ANLS, SALE",
1367,"EDU, HCPR",
1368,"CNSL, ANLS",
1369,"OTHR, ANLS",
1370,"ADVR, IT",
1371,"ENG, PRDM, QA",
1372,"ENG, PROD, QA",
1373,"MNFC, PRJM, STRA",
1374,"MGMT, PRJM, OTHR",
1375,"PRCH, PROD, SUPL",
1376,"CNSL, BD",
1377,"HR, LGL, OTHR",
1378,"OTHR, ACCT",
1379,"ENG, QA, DSGN",
1380,"ANLS, ADM, CNSL",
1381,"MGMT, BD, PRJM",
1382,"IT, CUST, OTHR",
1383,"IT, ENG, BD",
1384,"ENG, SALE",
1385,"PRJM, PRCH",
1386,"GENB, ANLS, FIN",
1387,"PRJM, STRA, OTHR",
1388,"HCPR, MRKT, SALE",
1389,"FIN, IT, CNSL",
1390,"FIN, ANLS, MGMT",
1391,"CNSL, BD, CUST",
1392,"BD, SALE, HR",
1393,"HR, FIN, ADM",
1394,"GENB, PRJM, ADM",
1395,"CNSL, PRJM",
1396,"FIN, ADM, ACCT",
1397,"ADVR, CUST, STRA",
1398,"RSCH, ART, QA",
1399,"SCI, BD",
1400,"TRNG, MGMT",
1401,"ANLS, ACCT, FIN",
1402,"FIN, BD, GENB",
1403,"MGMT, STRA, PROD",
1404,"MGMT, DSGN, PRJM",
1405,"OTHR, STRA, BD",
1406,"MGMT, FIN, GENB",
1407,"FIN, CNSL, MGMT",
1408,"MGMT, FIN, BD",
1409,"HCPR, SALE, BD",
1410,"DSGN, ART, PROD",
1411,"LGL, ADM, MGMT",
1412,"MGMT, PRDM",
1413,"RSCH, ENG, MNFC",
1414,"IT, OTHR, PRJM",
1415,"ENG, MGMT, CNSL",
1416,"BD, CUST, DSGN",
1417,"BD, MGMT, CUST",
1418,"PRCH, SUPL, PROD",
1419,"MGMT, CUST, SCI",
1420,"DSGN, MRKT, OTHR",
1421,"IT, TRNG, MGMT",
1422,"PRJM, CNSL, ADM",
1423,"IT, PRJM, PRDM",
1424,"FIN, MGMT",
1425,"MRKT, STRA",
1426,"MRKT, MNFC, SALE",
1427,"MGMT, TRNG, HR",
1428,"MGMT, ART, HCPR",
1429,"FIN, PRDM, PRJM",
1430,"SCI, WRT",
1431,"CUST, ADM, FIN",
1432,"MGMT, PROD, OTHR",
1433,"BD, HCPR",
1434,"ADM, OTHR, CUST",
1435,"ACCT, FIN, TRNG",
1436,"SALE, CUST, FIN",
1437,"RSCH, FIN, CNSL",
1438,"MNFC, ENG, OTHR",
1439,"ANLS, ENG, STRA",
1440,"MGMT, DIST",
1441,"PRJM, SALE, PR",
1442,"MRKT, PRDM, STRA",
1443,"HCPR, GENB, HR",
1444,"PRJM, MNFC, CUST",
1445,"CNSL, PRJM, ACCT",
1446,"BD, CUST, EDU",
1447,"MRKT, ACCT",
1448,"PRJM, MGMT, MRKT",
1449,"FIN, STRA, BD",
1450,"SUPL, ANLS, MGMT",
1451,"CNSL, DSGN",
1452,"WRT, PR, MRKT",
1453,"CUST, MNFC",
1454,"HCPR, PRDM",
1455,"TRNG, PRJM, SALE",
1456,"CUST, FIN, ADM",
1457,"ADM, MGMT, PRCH",
1458,"ANLS, ADVR, CNSL",
1459,"FIN, MGMT, OTHR",
1460,"CUST, MGMT",
1461,"MGMT, CUST, DIST",
1462,"RSCH, ANLS, MGMT",
1463,"IT, CUST, ADM",
1464,"MRKT, ANLS, STRA",
1465,"FIN, LGL, CNSL",
1466,"HCPR, BD",
1467,"RSCH, MNFC",
1468,"MNFC, STRA, PROD",
1469,"CNSL, GENB",
1470,"CUST, ADM, DSGN",
1471,"ANLS, GENB, PRJM",
1472,"HCPR, ADM, PRJM",
1473,"PRJM, OTHR",
1474,"ADM, CUST, IT",
1475,"ANLS, MGMT, STRA",
1476,"SALE, ADM, FIN",
1477,"RSCH, SCI, STRA",
1478,"SCI, ENG, RSCH",
1479,"EDU, BD, RSCH",
1480,"IT, PRDM, PRJM",
1481,"MRKT, SALE, ART",
1482,"PRCH, SUPL, ANLS",
1483,"TRNG, PRJM, MGMT",
1484,"LGL, ANLS",
1485,"MGMT, CUST, SALE",
1486,"MRKT, ADVR, WRT",
1487,"ANLS, IT, FIN",
1488,"HR, CNSL",
1489,"PRJM, IT, FIN",
1490,"ADM, PRJM, HR",
1491,"FIN, IT, PRJM",
1492,"PROD, GENB, MNFC",
1493,"ADM, CNSL, TRNG",
1494,"MRKT, HR, PR",
1495,"IT, DSGN, ART",
1496,"DSGN, SALE",
1497,"ADVR, CNSL, MRKT",
1498,"WRT, ART, EDU",
1499,"ADM, IT, OTHR",
1500,"ADM, SUPL",
1501,"PRCH, FIN, ACCT",
1502,"IT, BD, ANLS",
1503,"PRJM, ANLS, ENG",
1504,"IT, OTHR, ANLS",
1505,"BD, MRKT, PRJM",
1506,"ANLS, SCI",
1507,"ADVR, PROD, MRKT",
1508,"CUST, ADM, SALE",
1509,"CNSL, HCPR, IT",
1510,"SUPL, BD",
1511,"MNFC, PROD, DIST",
1512,"RSCH, SCI, ANLS",
1513,"BD, SALE, ADVR",
1514,"MGMT, STRA, FIN",
1515,"ADVR, PRJM, STRA",
1516,"SUPL, DIST, ENG",
1517,"ADVR, MRKT, WRT",
1518,"SALE, GENB",
1519,"MRKT, ADVR, BD",
1520,"FIN, STRA, ANLS",
1521,"ADM, LGL, BD",
1522,"SUPL, STRA, QA",
1523,"PRJM, ANLS, STRA",
1524,"SCI, ENG",
1525,"ART, MRKT",
1526,"PR, MRKT, BD",
1527,"IT, LGL",
1528,"HCPR, EDU, OTHR",
1529,"BD, SALE, PRCH",
1530,"MGMT, ENG, STRA",
1531,"IT, QA, ACCT",
1532,"BD, GENB, MGMT",
1533,"QA, MGMT, PROD",
1534,"SUPL, DIST, CUST",
1535,"ADM, CNSL",
1536,"BD, MGMT, CNSL",
1537,"RSCH, ANLS, HCPR",
1538,"PRJM, FIN, OTHR",
1539,"CNSL, IT, PRDM",
1540,"QA, LGL",
1541,"SALE, CNSL, CUST",
1542,"BD, MRKT, DSGN",
1543,"HR, IT",
1544,"BD, FIN, OTHR",
1545,"ANLS, BD, MGMT",
1546,"MGMT, FIN, OTHR",
1547,"PRCH, GENB, ADM",
1548,"ADM, SUPL, DIST",
1549,"CNSL, TRNG, EDU",
1550,"GENB, IT, CNSL",
1551,"ANLS, FIN, STRA",
1552,"CUST, MGMT, QA",
1553,"MGMT, PRDM, QA",
1554,"MGMT, CUST, HCPR",
1555,"DSGN, MNFC",
1556,"ADVR, STRA",
1557,"MRKT, MNFC, STRA",
1558,"SUPL, PROD, PRCH",
1559,"SALE, BD, STRA",
1560,"PRJM, PRCH, SUPL",
1561,"DIST, SUPL, OTHR",
1562,"STRA, HCPR",
1563,"MGMT, GENB, CUST",
1564,"CNSL, FIN, STRA",
1565,"MGMT, QA, PRDM",
1566,"CUST, OTHR, ADM",
1567,"QA, SUPL, MNFC",
1568,"LGL, RSCH, WRT",
1569,"MNFC, SUPL, DIST",
1570,"PRJM, CNSL, CUST",
1571,"DIST, OTHR",
1572,"IT, HR, MRKT",
1573,"ADM, SALE, CUST",
1574,"MRKT, CUST, PRDM",
1575,"TRNG, OTHR",
1576,"MRKT, PRDM, PRJM",
1577,"GENB, ADM, OTHR",
1578,"ENG, PRCH",
1579,"MGMT, ADM, HR",
1580,"PRDM, ENG",
1581,"WRT, ADVR, MRKT",
1582,"CNSL, IT, CUST",
1583,"MGMT, PR, MRKT",
1584,"ENG, PROD",
1585,"BD, OTHR, PRJM",
1586,"ANLS, STRA",
1587,"ENG, ADM",
1588,"SALE, MRKT, BD",
1589,"STRA, CNSL, ENG",
1590,"STRA, MNFC",
1591,"IT, SUPL, DIST",
1592,"SALE, MGMT, TRNG",
1593,"STRA, PRJM, PR",
1594,"RSCH, STRA, FIN",
1595,"QA, DSGN",
1596,"ACCT, GENB, ADM",
1597,"MGMT, ADVR, MRKT",
1598,"HCPR, MGMT, ADM",
1599,"ENG, MNFC, OTHR",
1600,"ACCT, ADM, MGMT",
1601,"CUST, HCPR, OTHR",
1602,"MRKT, ADVR, HR",
1603,"LGL, ACCT, FIN",
1604,"ADVR, PRJM, DSGN",
1605,"SALE, ENG, CUST",
1606,"PRDM, ENG, GENB",
1607,"ADM, ANLS, IT",
1608,"FIN, MGMT, CNSL",
1609,"PRJM, TRNG, CUST",
1610,"MRKT, MGMT, SALE",
1611,"ANLS, RSCH, SALE",
1612,"PRDM, DSGN, MRKT",
1613,"MRKT, ART, DSGN",
1614,"ENG, SCI, DSGN",
1615,"STRA, MRKT",
1616,"ADM, CUST, ANLS",
1617,"ADM, EDU, OTHR",
1618,"RSCH, PRJM, ANLS",
1619,"RSCH, ADM, WRT",
1620,"SALE, STRA",
1621,"BD, PRJM, MGMT",
1622,"HR, SALE, GENB",
1623,"BD, GENB, FIN",
1624,"DSGN, ART, MNFC",
1625,"GENB, MRKT, HCPR",
1626,"MNFC, ENG, RSCH",
1627,"MGMT, IT, MRKT",
1628,"MRKT, SALE, DIST",
1629,"CUST, MGMT, ADM",
1630,"FIN, RSCH, ANLS",
1631,"MNFC, ENG, QA",
1632,"ANLS, MNFC, SALE",
1633,"CUST, ACCT, ADM",
1634,"ENG, STRA, DSGN",
1635,"MNFC, QA, STRA",
1636,"GENB, SALE, FIN",
1637,"HCPR, RSCH",
1638,"PR, MRKT, SALE",
1639,"ENG, IT, ANLS",
1640,"ENG, GENB, PRJM",
1641,"FIN, CNSL, SALE",
1642,"CNSL, ENG, ANLS",
1643,"BD, SALE, RSCH",
1644,"EDU, MGMT, OTHR",
1645,"CUST, PR, ADM",
1646,"PRDM, WRT, MRKT",
1647,"RSCH, FIN",
1648,"FIN, DSGN",
1649,"FIN, ANLS, ENG",
1650,"DSGN, TRNG, EDU",
1651,"CNSL, MGMT",
1652,"ADM, LGL, GENB",
1653,"MNFC, MGMT, OTHR",
1654,"BD, CUST, HR",
1655,"CNSL, IT, PRJM",
1656,"HCPR, IT, STRA",
1657,"ART, ADM, OTHR",
1658,"BD, PRDM, SALE",
1659,"SALE, OTHR",
1660,"RSCH, ENG, OTHR",
1661,"CUST, SALE, GENB",
1662,"ADM, HR, CNSL",
1663,"SCI, BD, SALE",
1664,"ANLS, HR",
1665,"ADM, HR, OTHR",
1666,"SALE, BD, RSCH",
1667,"CUST, GENB, SALE",
1668,"BD, GENB, OTHR",
1669,"PROD, SUPL",
1670,"BD, RSCH, GENB",
1671,"CUST, ANLS, OTHR",
1672,"ADM, EDU, HR",
1673,"ADM, STRA, BD",
1674,"IT, CNSL, HCPR",
1675,"ADM, MRKT, MGMT",
1676,"HR, ACCT, FIN",
1677,"MGMT, GENB, OTHR",
1678,"RSCH, CNSL, SCI",
1679,"STRA, SUPL",
1680,"RSCH, EDU, ACCT",
1681,"WRT, BD, ACCT",
1682,"BD, ANLS, QA",
1683,"ADM, QA, HCPR",
1684,"ADM, RSCH, OTHR",
1685,"SALE, MRKT, MGMT",
1686,"PRJM, IT, ENG",
1687,"ADVR, MRKT, DSGN",
1688,"ADVR, ART, DSGN",
1689,"ACCT, FIN, MNFC",
1690,"ADM, CUST, LGL",
1691,"ADVR, ADM",
1692,"OTHR, HCPR",
1693,"OTHR, FIN",
1694,"PRJM, ADM, OTHR",
1695,"PRJM, CNSL, DSGN",
1696,"MNFC, SCI, RSCH",
1697,"FIN, OTHR, MGMT",
1698,"MNFC, ENG, DSGN",
1699,"CUST, MGMT, SALE",
1700,"CUST, OTHR, STRA",
1701,"OTHR, STRA, MGMT",
1702,"HCPR, ADM, MGMT",
1703,"STRA, GENB",
1704,"DIST, ENG",
1705,"ENG, SALE, MNFC",
1706,"MGMT, BD, MNFC",
1707,"PRJM, ADM, ENG",
1708,"ADM, MRKT",
1709,"MRKT, RSCH, ANLS",
1710,"ENG, OTHR, PRJM",
1711,"EDU, CUST, WRT",
1712,"SALE, ANLS, IT",
1713,"FIN, SALE, CNSL",
1714,"PRCH, OTHR",
1715,"SCI, HCPR, OTHR",
1716,"MGMT, IT, CUST",
1717,"ADM, PR",
1718,"HR, ADM, MGMT",
1719,"BD, GENB, SALE",
1720,"ENG, MGMT, STRA",
1721,"ADM, STRA, MNFC",
1722,"BD, DIST, SALE",
1723,"ANLS, MGMT, PRJM",
1724,"PRCH, ANLS, SUPL",
1725,"PRJM, ADVR, MRKT",
1726,"PRDM, QA, SUPL",
1727,"ACCT, STRA, PRCH",
1728,"CUST, PRJM, BD",
1729,"RSCH, SCI, HCPR",
1730,"IT, ACCT, ANLS",
1731,"TRNG, CUST, ADM",
1732,"IT, OTHR, CNSL",
1733,"FIN, SALE, MRKT",
1734,"SCI, CNSL, ENG",
1735,"ANLS, PRDM",
1736,"MNFC, DIST, CUST",
1737,"MNFC, SALE, BD",
1738,"DIST, MNFC, SUPL",
1739,"MGMT, STRA, GENB",
1740,"MGMT, STRA, PRJM",
1741,"CNSL, MGMT, OTHR",
1742,"CUST, ANLS, SUPL",
1743,"IT, ENG, MNFC",
1744,"BD, ENG, RSCH",
1745,"SUPL, DIST, MNFC",
1746,"STRA, GENB, QA",
1747,"ENG, DSGN, OTHR",
1748,"LGL, ADM, RSCH",
1749,"FIN, CUST",
1750,"EDU, SALE",
1751,"PRDM, STRA, FIN",
1752,"SALE, CUST, MGMT",
1753,"MRKT, SALE, STRA",
1754,"PRJM, GENB, MGMT",
1755,"HCPR, HR, IT",
1756,"EDU, HR",
1757,"MRKT, IT, ART",
1758,"ADVR, DSGN",
1759,"MGMT, ACCT, MNFC",
1760,"MNFC, PRJM, PROD",
1761,"ADM, CUST, BD",
1762,"DIST, MGMT, PRDM",
1763,"IT, CNSL, BD",
1764,"PRCH, MGMT, SUPL",
1765,"ADM, PR, OTHR",
1766,"TRNG, SALE, PRJM",
1767,"DIST, OTHR, MNFC",
1768,"MNFC, PRJM, PRDM",
1769,"IT, DIST, MGMT",
1770,"SALE, GENB, HR",
1771,"ACCT, FIN, HCPR",
1772,"MGMT, ADM, STRA",
1773,"MRKT, BD, STRA",
1774,"HCPR, QA",
1775,"PRJM, MGMT, QA",
1776,"STRA, SUPL, PRCH",
1777,"DSGN, MRKT, ART",
1778,"LGL, GENB, OTHR",
1779,"MGMT, PR",
1780,"MNFC, IT, ENG",
1781,"PRDM, PRJM",
1782,"MNFC, OTHR, CUST",
1783,"PROD, QA",
1784,"FIN, GENB, PRJM",
1785,"ACCT, ANLS, CUST",
1786,"IT, PRJM, OTHR",
1787,"SALE, MRKT, TRNG",
1788,"STRA, ANLS",
1789,"IT, SUPL, ENG",
1790,"HR, MNFC",
1791,"HR, CUST, SALE",
1792,"DIST, ADM, ANLS",
1793,"BD, ANLS",
1794,"ADVR, ART",
1795,"ACCT, BD, CNSL",
1796,"CNSL, SCI, ANLS",
1797,"CNSL, STRA, PRJM",
1798,"QA, DSGN, IT",
1799,"IT, CNSL, FIN",
1800,"ANLS, IT, ADVR",
1801,"SALE, MGMT, MNFC",
1802,"ADM, BD, CUST",
1803,"RSCH, ANLS, MNFC",
1804,"MNFC, SUPL, PRCH",
1805,"ANLS, FIN, GENB",
1806,"ACCT, MGMT, HR",
1807,"MGMT, HR, ADM",
1808,"DIST, QA, SUPL",
1809,"LGL, PRJM, ADM",
1810,"ACCT, PRCH, FIN",
1811,"MGMT, FIN, STRA",
1812,"HR, MNFC, TRNG",
1813,"CNSL, SCI, WRT",
1814,"ENG, SALE, IT",
1815,"HR, LGL",
1816,"MGMT, TRNG, CUST",
1817,"FIN, GENB, STRA",
1818,"MNFC, ACCT, FIN",
1819,"SALE, SUPL",
1820,"CUST, MGMT, PRJM",
1821,"PRJM, QA, IT",
1822,"ART, PROD",
1823,"SALE, MGMT, STRA",
1824,"ENG, MNFC, PRDM",
1825,"CUST, DIST, OTHR",
1826,"QA, GENB, PRJM",
1827,"BD, SALE, ADM",
1828,"MNFC, QA, RSCH",
1829,"CNSL, IT, MNFC",
1830,"DIST, SUPL, STRA",
1831,"CUST, GENB, PRCH",
1832,"SUPL, STRA, PRCH",
1833,"PRJM, ACCT",
1834,"MGMT, PRJM, BD",
1835,"MGMT, FIN",
1836,"TRNG, EDU, IT",
1837,"OTHR, SUPL",
1838,"LGL, MRKT",
1839,"QA, ENG, PRDM",
1840,"EDU, ADM, MGMT",
1841,"STRA, ENG, ANLS",
1842,"CUST, IT, PRJM",
1843,"ART, DSGN, STRA",
1844,"ANLS, DSGN",
1845,"BD, ANLS, CNSL",
1846,"ACCT, FIN, SUPL",
1847,"BD, MGMT, PRJM",
1848,"WRT, PRJM",
1849,"SALE, IT",
1850,"PRJM, STRA, SALE",
1851,"ADVR, ART, OTHR",
1852,"STRA, SUPL, MNFC",
1853,"EDU, HCPR, STRA",
1854,"PRJM, ANLS, ADM",
1855,"STRA, PROD, ANLS",
1856,"MRKT, BD, PRJM",
1857,"TRNG, SALE, GENB",
1858,"SALE, BD, DIST",
1859,"CUST, GENB, MGMT",
1860,"ACCT, PRJM, IT",
1861,"ADM, ADVR, MRKT",
1862,"CUST, ADM, MGMT",
1863,"PRJM, MRKT, ADVR",
1864,"MRKT, ART",
1865,"MRKT, ADVR, GENB",
1866,"BD, MRKT, ENG",
1867,"CUST, ENG, PRJM",
1868,"PR, BD, MRKT",
1869,"MGMT, PRJM, DIST",
1870,"CNSL, PRJM, SCI",
1871,"SALE, MRKT, PRDM",
1872,"ENG, PRJM, RSCH",
1873,"PRDM, DSGN",
1874,"SALE, IT, GENB",
1875,"GENB, STRA, ADM",
1876,"RSCH, BD, GENB",
1877,"PRJM, STRA, SUPL",
1878,"DIST, MGMT, SUPL",
1879,"ENG, PRDM, MGMT",
1880,"PRJM, PRDM, MGMT",
1881,"ANLS, PRJM, RSCH",
1882,"IT, OTHR, DSGN",
1883,"ANLS, IT, OTHR",
1884,"DSGN, MGMT, PRDM",
1885,"HR, ANLS, MGMT",
1886,"GENB, PRJM, ACCT",
1887,"MGMT, MRKT, GENB",
1888,"ACCT, IT, FIN",
1889,"MNFC, DIST, SUPL",
1890,"CNSL, SALE, MRKT",
1891,"BD, CUST, MNFC",
1892,"CUST, BD, SALE",
1893,"CUST, SALE, ADM",
1894,"ENG, SUPL",
1895,"EDU, ART, OTHR",
1896,"MGMT, CNSL, MNFC",
1897,"BD, PRJM, SCI",
1898,"HR, TRNG",
1899,"HCPR, TRNG",
1900,"ADM, BD, MRKT",
1901,"MGMT, ACCT, ADM",
1902,"ADM, ENG, IT",
1903,"QA, ENG, PROD",
1904,"QA, ENG, MGMT",
1905,"ANLS, RSCH, OTHR",
1906,"ENG, QA, MNFC",
1907,"ANLS, SALE, OTHR",
1908,"SUPL, PRDM",
1909,"ADVR, MRKT, ANLS",
1910,"HR, MNFC, MGMT",
1911,"BD, LGL",
1912,"ENG, ACCT, IT",
1913,"STRA, ADM, SALE",
1914,"MNFC, MGMT, ENG",
1915,"ADM, ANLS, LGL",
1916,"QA, PROD",
1917,"ACCT, MGMT, OTHR",
1918,"FIN, HCPR, GENB",
1919,"BD, FIN, SALE",
1920,"MNFC, QA, SUPL",
1921,"HCPR, BD, SALE",
1922,"ADM, ACCT, CUST",
1923,"STRA, BD, CNSL",
1924,"ENG, MNFC, IT",
1925,"ANLS, PRCH, OTHR",
1926,"OTHR, FIN, IT",
1927,"ANLS, QA",
1928,"BD, ANLS, IT",
1929,"MGMT, SALE, CNSL",
1930,"PRDM, PROD, ADM",
1931,"DSGN, OTHR",
1932,"ADM, ANLS, HCPR",
1933,"ADM, HR, ACCT",
1934,"CNSL, HR",
1935,"DSGN, ART, ADVR",
1936,"PROD, ADM",
1937,"QA, MNFC, MGMT",
1938,"DIST, MGMT, QA",
1939,"ACCT, FIN, ART",
1940,"MRKT, ADVR, STRA",
1941,"IT, SCI",
1942,"HR, IT, ENG",
1943,"SALE, CNSL",
1944,"MRKT, PRJM",
1945,"SUPL, IT",
1946,"FIN, MRKT, BD",
1947,"SCI, SALE, RSCH",
1948,"TRNG, BD",
1949,"MGMT, PR, STRA",
1950,"MGMT, SCI, MNFC",
1951,"STRA, TRNG, WRT",
1952,"BD, CNSL",
1953,"OTHR, MRKT",
1954,"WRT, GENB, ADM",
1955,"CNSL, MNFC",
1956,"MRKT, SALE, ANLS",
1957,"RSCH, QA",
1958,"CUST, FIN, SALE",
1959,"MGMT, ACCT, PRJM",
1960,"STRA, ACCT",
1961,"PRJM, BD, ENG",
1962,"PRJM, SUPL",
1963,"SUPL, BD, SALE",
1964,"TRNG, HCPR, OTHR",
1965,"SALE, GENB, BD",
1966,"HR, PRJM, ADM",
1967,"CUST, CNSL, GENB",
1968,"MGMT, CUST, BD",
1969,"LGL, ADM, STRA",
1970,"FIN, CUST, SALE",
1971,"ACCT, CUST",
1972,"PRDM, PRJM, MGMT",
1973,"PRDM, MGMT, DSGN",
1974,"BD, ENG",
1975,"ADVR, MRKT, MGMT",
1976,"ADM, RSCH, WRT",
1977,"ENG, PRDM, DSGN",
1978,"SCI, ADM",
1979,"ANLS, CNSL, CUST",
1980,"MNFC, ENG, ACCT",
1981,"EDU, ADM, CUST",
1982,"ENG, IT, HR",
1983,"BD, CNSL, ANLS",
1984,"DSGN, ENG, CNSL",
1985,"ART, IT, CNSL",
1986,"PRJM, PROD, ENG",
1987,"SALE, CUST, CNSL",
1988,"FIN, GENB, MGMT",
1989,"ADVR, MRKT, CUST",
1990,"ADM, TRNG",
1991,"ADM, DIST",
1992,"CNSL, IT, HR",
1993,"ADM, DSGN, MGMT",
1994,"ADM, GENB, PRDM",
1995,"SALE, MGMT, ANLS",
1996,"PRJM, MNFC, CNSL",
1997,"SUPL, ACCT, GENB",
1998,"OTHR, MGMT, IT",
1999,"SALE, MGMT, GENB",
2000,"QA, HCPR, ADM",
2001,"PRJM, ENG, ACCT",
2002,"MGMT, MNFC, DIST",
2003,"ADM, ACCT, HR",
2004,"IT, SALE, BD",
2005,"ADM, LGL, QA",
2006,"CUST, FIN, ACCT",
2007,"MRKT, CUST, SALE",
2008,"SCI, IT, ENG",
2009,"MRKT, ADM, PRJM",
2010,"RSCH, WRT, PRJM",
2011,"ANLS, CUST, FIN",
2012,"BD, LGL, WRT",
2013,"ACCT, CNSL, PRJM",
2014,"ACCT, STRA, PRJM",
2015,"SUPL, ANLS, CUST",
2016,"SALE, BD, SCI",
2017,"ADM, PRJM, OTHR",
2018,"MNFC, PROD, QA",
2019,"PRDM, STRA",
2020,"GENB, MNFC, PRJM",
2021,"HCPR, FIN",
2022,"DSGN, CUST, GENB",
2023,"PRJM, RSCH",
2024,"CUST, MGMT, GENB",
2025,"ENG, FIN, IT",
2026,"ADM, ANLS, HR",
2027,"HR, STRA, TRNG",
2028,"OTHR, HCPR, QA",
2029,"MRKT, MGMT",
2030,"ANLS, QA, PRJM",
2031,"STRA, MGMT",
2032,"MNFC, ENG, MGMT",
2033,"MRKT, PRDM, SUPL",
2034,"BD, CNSL, PRJM",
2035,"PRJM, FIN",
2036,"LGL, OTHR, GENB",
2037,"ADM, GENB, STRA",
2038,"PRJM, SCI, ENG",
2039,"MGMT, BD, ENG",
2040,"ANLS, MNFC",
2041,"HR, ANLS, FIN",
2042,"ADM, OTHR, ART",
2043,"LGL, BD",
2044,"LGL, SCI",
2045,"ADM, CUST, CNSL",
2046,"HCPR, PR",
2047,"IT, HR",
2048,"PRCH, MNFC, PROD",
2049,"LGL, CNSL, STRA",
2050,"MGMT, ANLS, ENG",
2051,"ANLS, BD, ENG",
2052,"ADM, EDU, MGMT",
2053,"ADVR, PRJM",
2054,"HCPR, IT, OTHR",
2055,"FIN, PRJM, ANLS",
2056,"IT, SUPL, OTHR",
2057,"ANLS, CUST, HCPR",
2058,"ENG, MGMT, SCI",
2059,"ENG, RSCH, SCI",
2060,"GENB, OTHR, IT",
2061,"IT, WRT, HR",
2062,"SUPL, MGMT, PRJM",
2063,"PRJM, STRA, QA",
2064,"MGMT, STRA, WRT",
2065,"BD, FIN, STRA",
2066,"PR, MRKT, ART",
2067,"RSCH, ANLS, CNSL",
2068,"ENG, IT, SALE",
2069,"SCI, QA",
2070,"LGL, HR",
2071,"WRT, RSCH, STRA",
2072,"IT, ENG, SCI",
2073,"GENB, PRJM, STRA",
2074,"ENG, QA, PRJM",
2075,"ADM, SALE",
2076,"ACCT, ADM, SUPL",
2077,"CNSL, MGMT, ADM",
2078,"MNFC, PRJM, ANLS",
2079,"PRJM, ADM, MGMT",
2080,"MGMT, MRKT",
2081,"SUPL, DIST, PRCH",
2082,"HR, SALE, OTHR",
2083,"LGL, GENB",
2084,"PRJM, PRDM, IT",
2085,"IT, TRNG, CUST",
2086,"PRJM, EDU, HCPR",
2087,"WRT, ADM, ART",
2088,"ANLS, PRDM, LGL",
2089,"MGMT, ACCT, STRA",
2090,"CUST, QA, BD",
2091,"SALE, ADM, BD",
2092,"ADM, BD, PRCH",
2093,"SALE, MRKT, GENB",
2094,"IT, QA, OTHR",
2095,"GENB, ENG, BD",
2096,"QA, SCI, RSCH",
2097,"BD, CUST, MRKT",
2098,"LGL, CNSL, ADM",
2099,"OTHR, ACCT, FIN",
2100,"ADM, IT, STRA",
2101,"LGL, MGMT, PRDM",
2102,"ART, ADVR, MRKT",
2103,"IT, GENB",
2104,"ENG, STRA",
2105,"ADM, PRJM, QA",
2106,"PROD, CUST, PRDM",
2107,"DSGN, QA, PRDM",
2108,"SALE, MRKT, PR",
2109,"LGL, STRA",
2110,"PRJM, BD",
2111,"IT, EDU",
2112,"BD, MRKT, MGMT",
2113,"STRA, QA, SCI",
2114,"SCI, SALE, CUST",
2115,"MGMT, GENB, BD",
2116,"HCPR, MGMT, QA",
2117,"QA, MGMT",
2118,"MRKT, MGMT, CUST",
2119,"STRA, MRKT, PRCH",
2120,"MNFC, DSGN",
2121,"RSCH, ADM",
2122,"IT, FIN, QA",
2123,"CNSL, STRA",
2124,"CNSL, DSGN, ENG",
2125,"SALE, SUPL, PRJM",
2126,"QA, WRT",
2127,"MRKT, ADM, DSGN",
2128,"BD, MRKT, ADVR",
2129,"ENG, IT, BD",
2130,"ADVR, GENB, MRKT",
2131,"TRNG, DSGN, ADM",
2132,"PRJM, QA, STRA",
2133,"HR, ADM, TRNG",
2134,"MGMT, GENB",
2135,"EDU, ENG, IT",
2136,"ANLS, GENB, BD",
2137,"ANLS, CUST, IT",
2138,"EDU, CUST, STRA",
2139,"FIN, RSCH, SCI",
2140,"MGMT, PRJM, ADM",
2141,"SCI, OTHR, RSCH",
2142,"WRT, ANLS, PRJM",
2143,"SALE, SCI, BD",
2144,"ART, MGMT, DSGN",
2145,"DIST, PROD, MRKT",
2146,"SALE, MRKT, STRA",
2147,"PRJM, MNFC, RSCH",
2148,"DSGN, PRDM",
2149,"MGMT, STRA, BD",
2150,"QA, ENG, OTHR",
2151,"SALE, FIN, PRJM",
2152,"DIST, MGMT, PROD",
2153,"ENG, GENB, SCI",
2154,"ADM, MRKT, STRA",
2155,"BD, HR, MGMT",
2156,"QA, GENB",
2157,"SUPL, DIST, QA",
2158,"MRKT, STRA, PRJM",
2159,"FIN, MRKT",
2160,"ACCT, ENG, IT",
2161,"ENG, PRJM, BD",
2162,"WRT, DSGN, ART",
2163,"FIN, ACCT, CUST",
2164,"PROD, ART",
2165,"CNSL, SALE, STRA",
2166,"IT, BD, CUST",
2167,"ACCT, GENB, FIN",
2168,"IT, DIST, PRJM",
2169,"EDU, SALE, CNSL",
2170,"ADVR, OTHR, MRKT",
2171,"ADM, MGMT, FIN",
2172,"ENG, PROD, PRJM",
2173,"ART, MRKT, ADVR",
2174,"IT, CUST, MGMT",
2175,"SCI, ANLS, QA",
2176,"SALE, CNSL, STRA",
2177,"LGL, SUPL",
2178,"HR, FIN, GENB",
2179,"MGMT, ADM, QA",
2180,"PR, ART, DSGN",
2181,"DSGN, ART, ADM",
2182,"RSCH, MGMT, HCPR",
2183,"STRA, MRKT, ADVR",
2184,"WRT, ENG, ART",
2185,"RSCH, HCPR",
2186,"ACCT, LGL, ADM",
2187,"ANLS, ADM, SALE",
2188,"MRKT, PRDM, IT",
2189,"SALE, GENB, MGMT",
2190,"OTHR, PRJM, ANLS",
2191,"IT, FIN, DSGN",
2192,"HCPR, MGMT, RSCH",
2193,"PRJM, IT, SCI",
2194,"TRNG, CNSL, OTHR",
2195,"DSGN, FIN, OTHR",
2196,"SALE, ADVR, IT",
2197,"MNFC, STRA, MGMT",
2198,"ADM, ACCT, CNSL",
2199,"SCI, PRJM, MGMT",
2200,"QA, ANLS",
2201,"MRKT, CUST",
2202,"GENB, HR, CNSL",
2203,"RSCH, ENG, IT",
2204,"CNSL, SALE, IT",
2205,"STRA, PRDM",
2206,"GENB, FIN, CNSL",
2207,"ADVR, STRA, MRKT",
2208,"PROD, SUPL, PRDM",
2209,"ANLS, CNSL, ACCT",
2210,"ADM, HR, TRNG",
2211,"GENB, CNSL",
2212,"MGMT, STRA, HR",
2213,"BD, MRKT, LGL",
2214,"OTHR, FIN, ANLS",
2215,"MRKT, ADM, ADVR",
2216,"GENB, ENG, STRA",
2217,"MRKT, ADVR, CUST",
2218,"WRT, STRA, LGL",
2219,"ENG, ADM, ANLS",
2220,"MNFC, PROD, OTHR",
2221,"ANLS, ACCT",
2222,"RSCH, CUST, ANLS",
2223,"CUST, PROD",
2224,"SUPL, MNFC, MGMT",
2225,"PRDM, RSCH, SCI",
2226,"TRNG, BD, MGMT",
2227,"ANLS, CUST, MGMT",
2228,"MGMT, ADM, GENB",
2229,"PRCH, PR, ADM",
2230,"RSCH, EDU, SCI",
2231,"QA, SUPL, ENG",
2232,"STRA, ADM, ANLS",
2233,"QA, PRJM, STRA",
2234,"ADVR, ANLS, BD",
2235,"LGL, PRCH, MGMT",
2236,"MGMT, DSGN, ENG",
2237,"OTHR, ADM, CUST",
2238,"PRJM, STRA, ADM",
2239,"RSCH, DSGN",
2240,"CUST, ADM, OTHR",
2241,"MRKT, FIN, PRDM",
2242,"ADVR, CNSL, CUST",
2243,"DIST, OTHR, CUST",
2244,"ENG, PRDM, CUST",
2245,"ADM, DSGN",
2246,"MRKT, CNSL, ADVR",
2247,"SALE, MNFC",
2248,"WRT, ART",
2249,"IT, FIN, CNSL",
2250,"ADM, MGMT, SALE",
2251,"GENB, IT, STRA",
2252,"BD, IT, PRDM",
2253,"PRDM, ENG, IT",
2254,"ANLS, PRJM, BD",
2255,"WRT, MRKT, PRJM",
2256,"SCI, STRA, IT",
2257,"PROD, ANLS, FIN",
2258,"SALE, ADVR, CUST",
2259,"CNSL, SCI, ENG",
2260,"CUST, HCPR, IT",
2261,"CUST, ADM, PRDM",
2262,"LGL, ANLS, ADM",
2263,"SALE, CUST, HCPR",
2264,"MGMT, ACCT",
2265,"DSGN, PRJM, RSCH",
2266,"ANLS, BD, CUST",
2267,"ADVR, STRA, CNSL",
2268,"SALE, SCI, MNFC",
2269,"IT, MNFC, ENG",
2270,"CUST, STRA, ADM",
2271,"PRJM, PROD, STRA",
2272,"MRKT, ADVR, CNSL",
2273,"PRJM, GENB, ADM",
2274,"RSCH, OTHR",
2275,"HR, CNSL, TRNG",
2276,"CUST, IT, GENB",
2277,"CUST, EDU, FIN",
2278,"ADVR, CUST, ART",
2279,"ADM, ART",
2280,"SALE, QA, TRNG",
2281,"ANLS, CUST, OTHR",
2282,"HR, HCPR, ACCT",
2283,"MGMT, CUST, TRNG",
2284,"EDU, TRNG, OTHR",
2285,"CNSL, PRJM, IT",
2286,"FIN, MRKT, CNSL",
2287,"PRJM, BD, MGMT",
2288,"SALE, CNSL, GENB",
2289,"ADM, PRJM, RSCH",
2290,"QA, PRJM, IT",
2291,"QA, BD, ENG",
2292,"QA, CNSL, ACCT",
2293,"RSCH, PRJM, SCI",
2294,"ART, WRT, MRKT",
2295,"PRJM, CUST, GENB",
2296,"GENB, STRA, OTHR",
2297,"MGMT, IT, PRJM",
2298,"ADM, SCI, RSCH",
2299,"MGMT, SCI, ENG",
2300,"SALE, MGMT, FIN",
2301,"MGMT, ENG, IT",
2302,"CUST, FIN, IT",
2303,"OTHR, IT, ENG",
2304,"PRCH, MGMT, MNFC",
2305,"GENB, MGMT, MRKT",
2306,"CNSL, ANLS, IT",
2307,"BD, CNSL, HR",
2308,"DIST, SUPL, PROD",
2309,"ENG, MRKT",
2310,"PRCH, ACCT, ENG",
2311,"FIN, CNSL, IT",
2312,"BD, EDU",
2313,"ADM, GENB, RSCH",
2314,"HCPR, EDU, RSCH",
2315,"OTHR, GENB",
2316,"ENG, SCI, QA",
2317,"CUST, DIST, MNFC",
2318,"MRKT, ADVR, IT",
2319,"ADM, BD, GENB",
2320,"BD, STRA, GENB",
2321,"RSCH, PRDM, PROD",
2322,"DSGN, ART, STRA",
2323,"HR, CNSL, STRA",
2324,"BD, LGL, GENB",
2325,"OTHR, QA, PROD",
2326,"ADM, DIST, SUPL",
2327,"BD, CNSL, DSGN",
2328,"ADVR, SALE, BD",
2329,"ADM, BD, RSCH",
2330,"ADM, GENB, SALE",
2331,"BD, ADM, DIST",
2332,"GENB, MGMT, PRJM",
2333,"STRA, DIST",
2334,"RSCH, PRDM",
2335,"ANLS, ADM, QA",
2336,"SALE, ART, MRKT",
2337,"BD, PRCH, PRDM",
2338,"STRA, CUST",
2339,"MGMT, MNFC, PRJM",
2340,"PROD, OTHR, ADM",
2341,"SALE, MNFC, BD",
2342,"HCPR, CUST, ADM",
2343,"DIST, OTHR, SALE",
2344,"MNFC, MGMT, STRA",
2345,"GENB, ANLS, IT",
2346,"MGMT, PRDM, CUST",
2347,"OTHR, HR, SALE",
2348,"LGL, MGMT, HR",
2349,"PRDM, OTHR",
2350,"BD, CUST, DIST",
2351,"ADM, ACCT, MRKT",
2352,"FIN, ANLS, RSCH",
2353,"SALE, ADVR, MRKT",
2354,"RSCH, HCPR, SCI",
2355,"SCI, RSCH, ENG",
2356,"HR, MGMT, OTHR",
2357,"FIN, BD, PRCH",
2358,"ART, DSGN, ENG",
2359,"CNSL, PRJM, OTHR",
2360,"CUST, ENG, OTHR",
2361,"SUPL, MNFC, ANLS",
2362,"PRJM, PRDM, STRA",
2363,"PRJM, IT, ANLS",
2364,"PROD, QA, RSCH",
2365,"SALE, ADM, MRKT",
2366,"PRCH, SUPL, MNFC",
2367,"PRJM, EDU, BD",
2368,"FIN, MGMT, BD",
2369,"IT, PRDM, STRA",
2370,"PRJM, CNSL, MGMT",
2371,"STRA, SALE, MRKT",
2372,"FIN, CNSL, STRA",
2373,"SUPL, ACCT, PRCH",
2374,"ANLS, BD, PRJM",
2375,"CUST, QA, ADM",
2376,"WRT, SUPL, STRA",
2377,"SALE, STRA, CNSL",
2378,"MRKT, PRDM, GENB",
2379,"MGMT, CNSL, OTHR",
2380,"HCPR, GENB, MGMT",
2381,"STRA, RSCH",
2382,"ANLS, ACCT, IT",
2383,"GENB, HR",
2384,"CUST, IT, FIN",
2385,"HR, ADM, GENB",
2386,"CUST, DIST",
2387,"ADM, CUST, PR",
2388,"IT, PRJM, LGL",
2389,"BD, SUPL",
2390,"MNFC, PROD, SUPL",
2391,"SCI, ANLS",
2392,"STRA, IT, PRJM",
2393,"TRNG, CUST, HCPR",
2394,"PR, MGMT, CUST",
2395,"HR, PRJM",
2396,"CUST, GENB, BD",
2397,"QA, STRA",
2398,"WRT, MRKT, IT",
2399,"CUST, PRJM, QA",
2400,"CUST, ADVR, OTHR",
2401,"FIN, PRJM",
2402,"EDU, BD, TRNG",
2403,"MNFC, RSCH, OTHR",
2404,"ADM, BD, MGMT",
2405,"LGL, ADM, CNSL",
2406,"BD, PRCH, STRA",
2407,"GENB, ANLS, RSCH",
2408,"MGMT, MNFC, SALE",
2409,"PROD, RSCH",
2410,"ADVR, ART, MRKT",
2411,"DSGN, OTHR, ENG",
2412,"MGMT, ENG, PRCH",
2413,"ADM, WRT, CUST",
2414,"CNSL, CUST, ANLS",
2415,"EDU, RSCH, OTHR",
2416,"RSCH, QA, ANLS",
2417,"ANLS, SCI, RSCH",
2418,"PRJM, STRA, MGMT",
2419,"CNSL, ENG, STRA",
2420,"PRJM, PRCH, ENG",
2421,"MGMT, STRA, SALE",
2422,"HR, MGMT, ADM",
2423,"ANLS, RSCH, SCI",
2424,"CNSL, IT, ANLS",
2425,"MGMT, PRJM, IT",
2426,"TRNG, ADM, MGMT",
2427,"IT, FIN, STRA",
2428,"FIN, ADM, STRA",
2429,"FIN, PR",
2430,"LGL, IT, ACCT",
2431,"IT, PRDM, OTHR",
2432,"IT, ANLS, MGMT",
2433,"OTHR, HCPR, CNSL",
2434,"MGMT, QA",
2435,"CUST, PRJM, IT",
2436,"BD, DIST, ENG",
2437,"SUPL, ANLS, OTHR",
2438,"DIST, MNFC, STRA",
2439,"CNSL, BD, FIN",
2440,"IT, ENG, HCPR",
2441,"ADM, BD, ENG",
2442,"SALE, BD, PR",
2443,"SALE, PRJM, BD",
2444,"ENG, MGMT, HCPR",
2445,"ACCT, CNSL, OTHR",
2446,"IT, ADM, PRJM",
2447,"ANLS, CNSL, ENG",
2448,"PROD, ANLS",
2449,"ANLS, CNSL, BD",
2450,"HCPR, CNSL, OTHR",
2451,"MGMT, CNSL",
2452,"CNSL, HCPR",
2453,"ADM, HR, PRJM",
2454,"WRT, ANLS, STRA",
2455,"PRDM, ANLS, BD",
2456,"BD, SALE, IT",
2457,"PRDM, ADM",
2458,"OTHR, IT, ANLS",
2459,"PRDM, MNFC",
2460,"OTHR, QA",
2461,"RSCH, SALE, BD",
2462,"LGL, CUST, CNSL",
2463,"FIN, CUST, OTHR",
2464,"SCI, RSCH, MNFC",
2465,"PRJM, SCI, STRA",
2466,"SCI, IT",
2467,"DSGN, EDU, WRT",
2468,"QA, BD, OTHR",
2469,"ANLS, IT, SUPL",
2470,"MNFC, HCPR, OTHR",
2471,"PRDM, TRNG, ENG",
2472,"PROD, MNFC, QA",
2473,"ADVR, IT, MRKT",
2474,"ADM, BD, SALE",
2475,"ANLS, BD, SCI",
2476,"ACCT, IT, ANLS",
2477,"CNSL, IT, SUPL",
2478,"QA, MRKT",
2479,"HCPR, OTHR, TRNG",
2480,"ACCT, ANLS, ART",
2481,"PRJM, MRKT, QA",
2482,"HCPR, OTHR, CNSL",
2483,"BD, ADVR, IT",
2484,"IT, HCPR, ADM",
2485,"IT, MGMT, ENG",
2486,"CUST, HR, MGMT",
2487,"TRNG, EDU, OTHR",
2488,"ENG, RSCH, ANLS",
2489,"PRJM, MGMT, FIN",
2490,"PRJM, IT, CNSL",
2491,"QA, ADM, CUST",
2492,"LGL, SALE",
2493,"ENG, MNFC, RSCH",
2494,"PRJM, ADM, CUST",
2495,"WRT, MRKT, ADM",
2496,"CUST, TRNG, MGMT",
2497,"CUST, GENB, PR",
2498,"CUST, ANLS",
2499,"RSCH, ANLS, WRT",
2500,"IT, PRCH, SUPL",
2501,"MNFC, PROD, MGMT",
2502,"PRJM, ADM, CNSL",
2503,"BD, HCPR, SALE",
2504,"CNSL, TRNG, CUST",
2505,"ADM, MGMT, EDU",
2506,"ADVR, ADM, CUST",
2507,"ADM, FIN, CUST",
2508,"SALE, ACCT",
2509,"CNSL, OTHR, GENB",
2510,"PRCH, MGMT",
2511,"PRJM, MGMT, STRA",
2512,"HR, LGL, CUST",
2513,"ACCT, ADVR, ADM",
2514,"PRJM, SUPL, GENB",
2515,"ACCT, IT, STRA",
2516,"PROD, WRT",
2517,"CNSL, BD, HR",
2518,"MGMT, PRJM, STRA",
2519,"ADM, OTHR, MNFC",
2520,"IT, ENG, ADM",
2521,"ENG, ANLS, MNFC",
2522,"CUST, HR, FIN",
2523,"MGMT, BD, CUST",
2524,"PRDM, MRKT, SALE",
2525,"MRKT, PRDM, BD",
2526,"ENG, MNFC, SCI",
2527,"ADM, DIST, STRA",
2528,"MGMT, MRKT, TRNG",
2529,"CUST, GENB, HR",
2530,"LGL, ACCT, STRA",
2531,"MRKT, PR, CNSL",
2532,"CUST, QA, TRNG",
2533,"ADVR, OTHR",
2534,"STRA, ADM, GENB",
2535,"SCI, MNFC",
2536,"HCPR, SALE, CUST",
2537,"IT, MNFC, ADM",
2538,"OTHR, ENG, IT",
2539,"MGMT, GENB, ADM",
2540,"MGMT, HR",
2541,"MGMT, STRA, ANLS",
2542,"DSGN, CNSL, RSCH",
2543,"PRCH, MNFC, STRA",
2544,"ADM, ANLS, BD",
2545,"ANLS, FIN, OTHR",
2546,"ADM, OTHR, HR",
2547,"MRKT, ANLS, CNSL",
2548,"IT, ANLS, PROD",
2549,"SALE, DIST, MRKT",
2550,"SUPL, MGMT, BD",
2551,"ADVR, ANLS, MRKT",
2552,"GENB, ADM, BD",
2553,"EDU, STRA",
2554,"ANLS, SUPL, OTHR",
2555,"CNSL, MGMT, RSCH",
2556,"IT, PR, GENB",
2557,"MGMT, PROD, MNFC",
2558,"CUST, OTHR, MGMT",
2559,"WRT, SCI",
2560,"MGMT, BD, MRKT",
2561,"ACCT, PRCH, SUPL",
2562,"MGMT, PRJM, LGL",
2563,"MRKT, ART, WRT",
2564,"LGL, RSCH, SCI",
2565,"IT, PRJM, DSGN",
2566,"CUST, ADM, STRA",
2567,"ACCT, MNFC, MGMT",
2568,"STRA, RSCH, SCI",
2569,"FIN, QA, PROD",
2570,"ENG, CNSL, IT",
2571,"SALE, CUST, PRDM",
2572,"CNSL, BD, TRNG",
2573,"MNFC, PRJM, SALE",
2574,"PRJM, STRA, CUST",
2575,"OTHR, SALE, CUST",
2576,"MNFC, SCI",
2577,"SALE, ACCT, STRA",
2578,"BD, PR",
2579,"SALE, HR",
2580,"TRNG, DSGN, EDU",
2581,"BD, MGMT, TRNG",
2582,"DIST, SUPL, MGMT",
2583,"ADVR, ART, STRA",
2584,"CUST, DIST, MGMT",
2585,"HCPR, PR, QA",
2586,"PRJM, BD, GENB",
2587,"ADM, TRNG, EDU",
2588,"IT, BD, STRA",
2589,"HCPR, QA, PR",
2590,"BD, MGMT, GENB",
2591,"DSGN, MRKT, ENG",
2592,"PR, STRA, OTHR",
2593,"LGL, MGMT, ADM",
2594,"MNFC, CUST, QA",
2595,"CNSL, OTHR, PRJM",
2596,"CNSL, PROD, MNFC",
2597,"OTHR, BD, GENB",
2598,"RSCH, STRA, PRCH",
2599,"SCI, PROD, MNFC",
2600,"FIN, ACCT, OTHR",
2601,"BD, TRNG, SALE",
2602,"ENG, PRJM, PRCH",
2603,"CNSL, MRKT, OTHR",
2604,"PRJM, MGMT, RSCH",
2605,"MRKT, LGL",
2606,"OTHR, ENG, PROD",
2607,"ADM, DIST, CUST",
2608,"SUPL, OTHR",
2609,"FIN, LGL, GENB",
2610,"BD, ENG, CUST",
2611,"FIN, BD, CUST",
2612,"ACCT, FIN, PRCH",
2613,"CNSL, IT, FIN",
2614,"PRDM, FIN, MGMT",
2615,"EDU, MRKT",
2616,"SALE, PRDM, OTHR",
2617,"ADM, TRNG, MGMT",
2618,"WRT, MRKT, RSCH",
2619,"ADM, MGMT, STRA",
2620,"HCPR, ADM, CUST",
2621,"IT, ENG, FIN",
2622,"ADM, FIN, OTHR",
2623,"OTHR, ENG, MNFC",
2624,"IT, ENG, RSCH",
2625,"BD, MGMT, OTHR",
2626,"ACCT, ADM, ENG",
2627,"HCPR, ANLS, EDU",
2628,"PROD, STRA, SUPL",
2629,"IT, FIN, HR",
2630,"IT, CUST, ENG",
2631,"QA, MGMT, MNFC",
2632,"GENB, IT, ACCT",
2633,"CNSL, WRT, PRDM",
2634,"SALE, PR, OTHR",
2635,"ENG, DSGN, WRT",
2636,"CNSL, GENB, STRA",
2637,"RSCH, SCI, ADM",
2638,"HR, ADM, MRKT",
2639,"HCPR, TRNG, SALE",
2640,"WRT, RSCH, ANLS",
2641,"PRDM, CNSL, IT",
2642,"ENG, DSGN, GENB",
2643,"SUPL, CUST, PRJM",
2644,"SCI, HCPR, RSCH",
2645,"MGMT, DSGN, CNSL",
2646,"PRJM, MNFC, STRA",
2647,"PRJM, MGMT, OTHR",
2648,"ACCT, RSCH, FIN",
2649,"QA, PRDM, MNFC",
2650,"STRA, SALE, BD",
2651,"BD, RSCH",
2652,"QA, STRA, DIST",
2653,"EDU, ADM",
2654,"IT, PRDM, ANLS",
2655,"ACCT, ANLS, IT",
2656,"TRNG, IT",
2657,"QA, SCI, MNFC",
2658,"ADM, ACCT, MNFC",
2659,"HCPR, QA, SCI",
2660,"QA, PROD, ENG",
2661,"HCPR, STRA, OTHR",
2662,"BD, ADVR, ENG",
2663,"ANLS, CUST, SALE",
2664,"ANLS, PRJM, SUPL",
2665,"ANLS, GENB, ADM",
2666,"FIN, ACCT, SUPL",
2667,"ANLS, GENB, IT",
2668,"RSCH, HR, ADM",
2669,"MNFC, PRJM, OTHR",
2670,"ANLS, MGMT, SUPL",
2671,"ADVR, STRA, RSCH",
2672,"PRJM, LGL, MGMT",
2673,"ART, MGMT, CUST",
2674,"ART, DSGN, ANLS",
2675,"ADVR, WRT, MRKT",
2676,"ENG, PRJM, PRDM",
2677,"MNFC, PROD, MRKT",
2678,"ACCT, ADVR, ANLS",
2679,"ANLS, ENG, RSCH",
2680,"FIN, LGL, OTHR",
2681,"ADM, OTHR, EDU",
2682,"ADM, HR, LGL",
2683,"ACCT, IT",
2684,"FIN, GENB, ADM",
2685,"ACCT, CUST, ADM",
2686,"CNSL, STRA, IT",
2687,"STRA, ART, WRT",
2688,"PRDM, PRJM, IT",
2689,"MNFC, HR",
2690,"MNFC, GENB, HCPR",
2691,"PRJM, PRDM, MRKT",
2692,"PR, OTHR, STRA",
2693,"PRCH, ADVR, STRA",
2694,"DSGN, PRDM, STRA",
2695,"SCI, ENG, PRJM",
2696,"GENB, MRKT, ADVR",
2697,"ADM, ENG, ANLS",
2698,"IT, CNSL, GENB",
2699,"BD, MGMT, FIN",
2700,"PRDM, SUPL, OTHR",
2701,"GENB, TRNG",
2702,"ACCT, ANLS, BD",
2703,"ADVR, MRKT, BD",
2704,"STRA, ADVR, ADM",
2705,"BD, IT, CNSL",
2706,"ADM, MNFC, OTHR",
2707,"DSGN, PRJM, MGMT",
2708,"ANLS, CNSL, STRA",
2709,"SALE, MGMT, CNSL",
2710,"ADM, MGMT, QA",
2711,"ADM, QA, PR",
2712,"MNFC, ANLS",
2713,"FIN, ADM, ART",
2714,"PR, MRKT, PRDM",
2715,"ENG, MGMT, PRDM",
2716,"MRKT, ADM, GENB",
2717,"ADM, BD, IT",
2718,"SALE, PRJM, STRA",
2719,"MGMT, HCPR, SCI",
2720,"IT, MGMT, TRNG",
2721,"DSGN, MGMT",
2722,"ANLS, FIN, BD",
2723,"PRDM, BD, GENB",
2724,"CUST, SALE, TRNG",
2725,"SCI, RSCH, PROD",
2726,"FIN, BD, SALE",
2727,"WRT, SCI, PRJM",
2728,"ADVR, BD, GENB",
2729,"GENB, ENG, IT",
2730,"CUST, SALE, FIN",
2731,"OTHR, MGMT, STRA",
2732,"PRJM, SUPL, IT",
2733,"ENG, MGMT, RSCH",
2734,"ADM, ACCT, FIN",
2735,"SUPL, PRCH, STRA",
2736,"BD, ACCT, SALE",
2737,"PRDM, IT, BD",
2738,"ANLS, RSCH, SUPL",
2739,"PRJM, SALE, CUST",
2740,"PRJM, CUST, STRA",
2741,"ACCT, FIN, WRT",
2742,"PRDM, ENG, PRJM",
2743,"RSCH, GENB",
2744,"PRJM, ADM, ACCT",
2745,"TRNG, ADM, STRA",
2746,"BD, CUST, CNSL",
2747,"GENB, MGMT, ADM",
2748,"ANLS, ENG, PRJM",
2749,"ADM, SALE, MRKT",
2750,"ADM, GENB, IT",
2751,"QA, SUPL",
2752,"PRJM, SALE",
2753,"WRT, BD, PRJM",
2754,"LGL, RSCH",
2755,"ART, PR",
2756,"ADM, IT, MNFC",
2757,"ENG, GENB, MGMT",
2758,"ANLS, SUPL, STRA",
2759,"RSCH, ANLS, ENG",
2760,"HCPR, HR, MGMT",
2761,"ART, PRCH, RSCH",
2762,"SUPL, GENB",
2763,"FIN, LGL, BD",
2764,"MGMT, ADVR, PRJM",
2765,"GENB, CUST, MGMT",
2766,"HCPR, ADM, OTHR",
2767,"PRCH, STRA",
2768,"EDU, STRA, OTHR",
2769,"PRDM, PRJM, ADM",
2770,"SALE, BD, ADM",
2771,"WRT, RSCH, SCI",
2772,"TRNG, STRA",
2773,"CUST, MGMT, FIN",
2774,"SALE, HCPR, BD",
2775,"ANLS, QA, OTHR",
2776,"QA, MNFC, PRDM",
2777,"CUST, PRJM, SALE",
2778,"LGL, BD, GENB",
2779,"ADM, MNFC, MGMT",
2780,"MGMT, SALE, MNFC",
2781,"DSGN, ENG, PROD",
2782,"STRA, MGMT, PROD",
2783,"PRJM, FIN, PRDM",
2784,"FIN, BD, ENG",
2785,"WRT, ADVR, SCI",
2786,"IT, MNFC, SUPL",
2787,"DIST, MNFC, PROD",
2788,"ANLS, PRDM, IT",
2789,"CNSL, ENG, FIN",
2790,"QA, CUST, CNSL",
2791,"GENB, ENG, MGMT",
2792,"ADM, MNFC, PRJM",
2793,"HR, ADM, OTHR",
2794,"ACCT, CNSL, MNFC",
2795,"FIN, ANLS, ADM",
2796,"PRCH, ADM, OTHR",
2797,"PRJM, MGMT, BD",
2798,"ACCT, BD, OTHR",
2799,"BD, STRA, ANLS",
2800,"SUPL, STRA, CUST",
2801,"HCPR, IT",
2802,"ANLS, ENG, MGMT",
2803,"SUPL, DIST, OTHR",
2804,"ART, STRA",
2805,"PRJM, BD, ANLS",
2806,"DSGN, CUST, SALE",
2807,"CUST, DSGN, ART",
2808,"PRJM, TRNG, BD",
2809,"RSCH, SCI, IT",
2810,"SALE, CUST, DSGN",
2811,"PRCH, SUPL, LGL",
2812,"MGMT, ADVR",
2813,"ADM, GENB, TRNG",
2814,"DSGN, SUPL",
2815,"SALE, HCPR",
2816,"HR, ACCT, GENB",
2817,"ADM, PR, CUST",
2818,"IT, OTHR, PROD",
2819,"MRKT, CUST, CNSL",
2820,"MGMT, TRNG, FIN",
2821,"GENB, CUST, FIN",
2822,"CUST, FIN, MGMT",
2823,"ADM, QA",
2824,"SALE, DSGN, BD",
2825,"STRA, QA, PRJM",
2826,"MGMT, QA, STRA",
2827,"PR, BD, OTHR",
2828,"CNSL, SALE",
2829,"BD, MRKT, STRA",
2830,"BD, GENB, PRJM",
2831,"BD, WRT, STRA",
2832,"ADVR, MRKT, ART",
2833,"SALE, GENB, STRA",
2834,"OTHR, ART, WRT",
2835,"RSCH, MRKT, ANLS",
2836,"PRJM, LGL, RSCH",
2837,"CNSL, EDU, RSCH",
2838,"MNFC, ENG, PRDM",
2839,"HR, ADM, LGL",
2840,"ACCT, CNSL, STRA",
2841,"CNSL, ART, CUST",
2842,"PRJM, SCI, WRT",
2843,"SCI, SALE",
2844,"QA, ACCT, FIN",
2845,"BD, SALE, ENG",
2846,"QA, IT, ANLS",
2847,"HCPR, SALE, TRNG",
2848,"ANLS, OTHR, ACCT",
2849,"ART, EDU, OTHR",
2850,"GENB, IT, OTHR",
2851,"MNFC, CUST",
2852,"STRA, QA",
2853,"ENG, PRJM, QA",
2854,"MGMT, CUST, MRKT",
2855,"ADM, HR, GENB",
2856,"FIN, IT, ENG",
2857,"ADM, PRJM, HCPR",
2858,"BD, MGMT, IT",
2859,"ADVR, ANLS",
2860,"ENG, IT, ADVR",
2861,"PRJM, STRA, PRCH",
2862,"SUPL, MGMT, CUST",
2863,"HCPR, SUPL",
2864,"STRA, ADVR, MRKT",
2865,"ADM, PR, ACCT",
2866,"FIN, HR, ACCT",
2867,"SUPL, ANLS, STRA",
2868,"MGMT, TRNG, HCPR",
2869,"STRA, GENB, MRKT",
2870,"RSCH, ADM, PRJM",
2871,"PROD, SALE",
2872,"STRA, HR, CUST",
2873,"PRJM, ADVR",
2874,"PROD, PRDM",
2875,"EDU, IT, STRA",
2876,"HR, GENB, FIN",
2877,"ANLS, ADM, RSCH",
2878,"BD, CNSL, MGMT",
2879,"IT, STRA, ANLS",
2880,"BD, OTHR",
2881,"ACCT, RSCH, BD",
2882,"MNFC, DIST, PROD",
2883,"MNFC, CUST, DIST",
2884,"IT, HCPR, PRJM",
2885,"CUST, MRKT, ADM",
2886,"ENG, ANLS, GENB",
2887,"QA, TRNG, MNFC",
2888,"STRA, CNSL, PRJM",
2889,"ENG, PRDM, PRJM",
2890,"ANLS, FIN, ADM",
2891,"FIN, BD, STRA",
2892,"ADM, IT, QA",
2893,"FIN, SALE, OTHR",
2894,"MNFC, DIST, ENG",
2895,"DSGN, RSCH, ENG",
2896,"PR, PRJM, STRA",
2897,"ENG, QA, IT",
2898,"QA, ADM, ACCT",
2899,"ENG, CUST, DSGN",
2900,"MGMT, SALE, TRNG",
2901,"CUST, SUPL, GENB",
2902,"ANLS, BD, RSCH",
2903,"ANLS, CNSL, DSGN",
2904,"MNFC, ENG, SCI",
2905,"CNSL, HCPR, MGMT",
2906,"MRKT, SUPL",
2907,"WRT, ADM, MGMT",
2908,"CUST, RSCH, BD",
2909,"RSCH, ACCT, FIN",
2910,"PRCH, ADM",
2911,"GENB, PRJM",
2912,"ADM, DIST, QA",
2913,"ADM, MGMT, WRT",
2914,"MNFC, IT",
2915,"PRDM, SALE, STRA",
2916,"PRDM, RSCH, MRKT",
2917,"PROD, MGMT, PRDM",
2918,"MRKT, DSGN, MGMT",
2919,"PROD, MNFC, DSGN",
2920,"IT, PRJM, MRKT",
2921,"IT, BD, ENG",
2922,"MGMT, BD, STRA",
2923,"MNFC, TRNG, MGMT",
2924,"IT, ACCT, FIN",
2925,"ENG, IT, SUPL",
2926,"MRKT, MGMT, BD",
2927,"ADM, STRA, OTHR",
2928,"MRKT, PR, ADVR",
2929,"SALE, MRKT, ADM",
2930,"PROD, STRA, MNFC",
2931,"SALE, QA, PRJM",
2932,"ENG, ANLS, PRJM",
2933,"ACCT, HCPR",
2934,"MGMT, QA, ENG",
2935,"QA, MGMT, IT",
2936,"PRDM, BD",
2937,"MGMT, BD, QA",
2938,"MRKT, PROD, PR",
2939,"BD, ADVR, GENB",
2940,"HR, ACCT, OTHR",
2941,"ADM, SCI, WRT",
2942,"IT, FIN, GENB",
2943,"HR, CUST, LGL",
2944,"ADVR, MGMT, SALE",
2945,"ENG, DSGN, ADM",
2946,"MRKT, ADM",
2947,"CNSL, FIN, IT",
2948,"IT, CUST, CNSL",
2949,"HR, CUST, MGMT",
2950,"FIN, LGL, PRCH",
2951,"WRT, CNSL, IT",
2952,"LGL, MGMT",
2953,"SUPL, DIST, MGMT",
2954,"MGMT, OTHR, ACCT",
2955,"MRKT, PRJM, PRDM",
2956,"MGMT, ADVR, BD",
2957,"SCI, WRT, PRJM",
2958,"ADM, CUST, QA",
2959,"ADM, MRKT, CUST",
2960,"CNSL, PRJM, GENB",
2961,"IT, MGMT, STRA",
2962,"ADM, PRJM, PR",
2963,"IT, ENG, STRA",
2964,"ADM, HR, STRA",
2965,"ACCT, FIN, LGL",
2966,"SUPL, CUST, DIST",
2967,"ADM, MGMT, OTHR",
2968,"MGMT, PRJM, PR",
2969,"CUST, TRNG",
2970,"ADM, ADVR, CUST",
2971,"PRJM, ENG, QA",
2972,"PRJM, CUST, PR",
2973,"SUPL, QA, MGMT",
2974,"MRKT, ADVR, MGMT",
2975,"DIST, MGMT",
2976,"PRJM, ANLS, CNSL",
2977,"CUST, ANLS, IT",
2978,"PRDM, MNFC, RSCH",
2979,"PRDM, SUPL",
2980,"DSGN, PROD",
2981,"ADM, EDU, CNSL",
2982,"SALE, CUST, PRJM",
2983,"DSGN, PRJM, STRA",
2984,"BD, ADVR, MRKT",
2985,"BD, FIN, ADM",
2986,"CUST, IT, HCPR",
2987,"MRKT, IT",
2988,"HR, ADM, ANLS",
2989,"HCPR, PR, OTHR",
2990,"PRDM, PRCH",
2991,"QA, RSCH, SCI",
2992,"ADM, CNSL, HCPR",
2993,"EDU, MRKT, PRJM",
2994,"CNSL, SCI, PRJM",
2995,"MGMT, HR, BD",
2996,"LGL, ADM, WRT",
2997,"HR, IT, ANLS",
2998,"ADVR, DSGN, ART",
2999,"MRKT, HR",
3000,"PRJM, GENB, OTHR",
3001,"SALE, STRA, BD",
3002,"ENG, DSGN, PRDM",
3003,"CUST, TRNG, OTHR",
3004,"MGMT, MNFC, TRNG",
3005,"HCPR, CNSL, RSCH",
3006,"ANLS, MRKT, RSCH",
3007,"SALE, ANLS, OTHR",
3008,"CUST, IT, SUPL",
3009,"BD, IT, ANLS",
3010,"MNFC, PR, SALE",
3011,"STRA, ADM, RSCH",
3012,"OTHR, ENG, LGL",
3013,"MNFC, SALE, PR",
3014,"BD, ADM, CNSL",
3015,"PRDM, CUST",
3016,"SUPL, DIST, PRJM",
3017,"MNFC, DIST, OTHR",
3018,"BD, MGMT, SUPL",
3019,"ADM, FIN, LGL",
3020,"ENG, CNSL, CUST",
3021,"RSCH, ENG, SCI",
3022,"PRJM, BD, MNFC",
3023,"SUPL, DIST, STRA",
3024,"QA, ANLS, SCI",
3025,"ANLS, TRNG, MGMT",
3026,"MRKT, ACCT, ANLS",
3027,"ANLS, CNSL, ADVR",
3028,"HR, FIN, ANLS",
3029,"ANLS, STRA, FIN",
3030,"HCPR, OTHR, SCI",
3031,"QA, STRA, PROD",
3032,"MRKT, DSGN, PR",
3033,"ENG, PRJM, PROD",
3034,"STRA, ENG, MNFC",
3035,"QA, GENB, ANLS",
3036,"ANLS, MGMT, OTHR",
3037,"PRJM, PRDM, MNFC",
3038,"HR, RSCH, WRT",
3039,"CUST, SALE, SUPL",
3040,"PROD, CUST",
3041,"ADM, RSCH, STRA",
3042,"SUPL, STRA, DIST",
3043,"CUST, IT, HR",
3044,"PRCH, SUPL, CNSL",
3045,"SALE, ADVR",
3046,"STRA, CNSL, CUST",
3047,"RSCH, LGL, GENB",
3048,"FIN, GENB, SUPL",
3049,"MRKT, SALE, ADVR",
3050,"ENG, DSGN, CUST",
3051,"CNSL, ACCT, GENB",
3052,"CUST, CNSL, MRKT",
3053,"BD, CNSL, MNFC",
3054,"MNFC, MGMT, BD",
3055,"ACCT, STRA",
3056,"SALE, ANLS, ADM",
3057,"CUST, ADM, ART",
3058,"HR, IT, MGMT",
3059,"ADVR, BD, SALE",
3060,"SALE, CUST, TRNG",
3061,"GENB, SALE",
3062,"CUST, MGMT, STRA",
3063,"PRJM, STRA, IT",
3064,"ADM, CUST, MRKT",
3065,"ADM, LGL, PRJM",
3066,"ACCT, MGMT, FIN",
3067,"IT, ANLS, SUPL",
3068,"GENB, SUPL, FIN",
3069,"CNSL, ANLS, QA",
3070,"PRCH, MNFC",
3071,"ADVR, CUST, BD",
3072,"MGMT, ART",
3073,"ADM, ACCT, MGMT",
3074,"MGMT, BD, GENB",
3075,"CUST, GENB, PRDM",
3076,"EDU, TRNG, QA",
3077,"OTHR, ADM, PR",
3078,"FIN, PRDM, SALE",
3079,"STRA, MGMT, PRJM",
3080,"BD, STRA, ENG",
3081,"DSGN, ART, MGMT",
3082,"ADM, HR, BD",
3083,"EDU, FIN, ENG",
3084,"PRJM, DSGN, EDU",
3085,"ACCT, GENB, PRJM",
3086,"ADM, OTHR, LGL",
3087,"DIST, SALE, OTHR",
3088,"ADVR, PRDM, MGMT",
3089,"STRA, BD, IT",
3090,"PRJM, FIN, ACCT",
3091,"ADM, SUPL, OTHR",
3092,"ANLS, PRJM, DSGN",
3093,"ART, PROD, WRT",
3094,"STRA, MGMT, GENB",
3095,"PRDM, CUST, ENG",
3096,"TRNG, DSGN, WRT",
3097,"SALE, MGMT, DIST",
3098,"EDU, MGMT, PRJM",
3099,"MNFC, PROD, STRA",
3100,"QA, CUST, MGMT",
3101,"ADVR, PRJM, PROD",
3102,"ADM, ART, WRT",
3103,"MGMT, IT, ANLS",
3104,"MRKT, RSCH",
3105,"TRNG, WRT, GENB",
3106,"MRKT, PRJM, GENB",
3107,"GENB, FIN, ADM",
3108,"RSCH, FIN, ANLS",
3109,"ADVR, MRKT, PRJM",
3110,"FIN, ADM, IT",
3111,"SALE, ANLS",
3112,"IT, PROD, ENG",
3113,"ACCT, ANLS, CNSL",
3114,"ANLS, MGMT, IT",
3115,"DSGN, MGMT, OTHR",
3116,"PRJM, ADM, MRKT",
3117,"BD, CUST, FIN",
3118,"MGMT, CNSL, HCPR",
3119,"TRNG, OTHR, STRA",
3120,"CUST, MGMT, TRNG",
3121,"DSGN, WRT",
3122,"ENG, OTHR, PROD",
3123,"GENB, FIN, OTHR",
3124,"ADVR, MRKT, MNFC",
3125,"CNSL, WRT, PRJM",
3126,"MRKT, SALE, CNSL",
3127,"ADM, BD, FIN",
3128,"MGMT, QA, MNFC",
3129,"DIST, DSGN, IT",
3130,"PRJM, PROD, MNFC",
3131,"ANLS, DIST, MNFC",
3132,"PR, OTHR",
3133,"DIST, QA, PROD",
3134,"BD, GENB, ADM",
3135,"PRJM, ANLS, IT",
3136,"HR, SALE, MGMT",
3137,"TRNG, MGMT, MRKT",
3138,"MRKT, ART, ADVR",
3139,"PRJM, STRA, CNSL",
3140,"PR, ADM, CUST",
3141,"IT, HR, MGMT",
3142,"BD, PRJM, CNSL",
3143,"DIST, BD, FIN",
3144,"SUPL, BD, OTHR",
3145,"MRKT, BD, PRDM",
3146,"BD, ENG, PRJM",
3147,"ENG, SCI, CNSL",
3148,"ADVR, STRA, PR",
3149,"CUST, HR, ADM",
3150,"ADM, SALE, ANLS",
3151,"MRKT, PRDM, ENG",
3152,"MGMT, SCI, PRJM",
3153,"BD, ADM, ANLS",
3154,"STRA, FIN, MGMT",
3155,"MGMT, MNFC, ANLS",
3156,"HR, ADM, SALE",
3157,"MRKT, ANLS, ADVR",
3158,"STRA, ADM, MGMT",
3159,"ACCT, GENB, MNFC",
3160,"ANLS, HCPR, OTHR",
3161,"BD, GENB, HCPR",
3162,"QA, MNFC, ADM",
3163,"GENB, CUST, SALE",
3164,"PRCH, PROD",
3165,"ADM, HR, PRCH",
3166,"CUST, ADM, HR",
3167,"TRNG, OTHR, WRT",
3168,"QA, OTHR, PRJM",
3169,"ENG, CNSL, OTHR",
3170,"SUPL, QA",
3171,"CUST, BD, GENB",
3172,"PRJM, MGMT, SCI",
3173,"ADM, LGL, STRA",
3174,"WRT, OTHR, MNFC",
3175,"ADM, GENB, MRKT",
3176,"PRJM, TRNG, CNSL",
3177,"PR, ANLS, ADVR",
3178,"ADVR, MRKT, GENB",
3179,"STRA, ADM, MNFC",
3180,"HR, GENB, ADM",
3181,"ADM, LGL, OTHR",
3182,"EDU, MGMT",
3183,"ADM, MGMT, MNFC",
3184,"ADM, ADVR, HR",
3185,"OTHR, PRCH",
3186,"MGMT, ADM, ENG",
3187,"SALE, CNSL, PRDM",
3188,"ART, MRKT, DSGN",
3189,"SUPL, ADM, OTHR",
3190,"ACCT, GENB",
3191,"STRA, IT, ANLS",
3192,"FIN, ANLS, QA",
3193,"SALE, MRKT, ANLS",
3194,"MGMT, BD, CNSL",
3195,"TRNG, ART, WRT",
3196,"SUPL, CUST, ADM",
3197,"ADM, HR, MGMT",
3198,"HR, ANLS, PRJM",
3199,"ADM, IT, PRJM",
3200,"ADM, EDU, PRJM",
3201,"SUPL, MGMT, STRA",
3202,"PRJM, TRNG, STRA",
3203,"ADM, HCPR, RSCH",
3204,"MRKT, PR, ART",
3205,"GENB, SALE, CUST",
3206,"CUST, MNFC, QA",
3207,"QA, PROD, ANLS",
3208,"CUST, PRDM, STRA",
3209,"FIN, BD, ACCT",
3210,"HR, PROD",
3211,"ADM, MGMT, HR",
3212,"IT, SCI, ENG",
3213,"GENB, FIN, MGMT",
3214,"ANLS, IT, MGMT",
3215,"MNFC, IT, QA",
3216,"PRCH, STRA, FIN",
3217,"MGMT, CUST, QA",
3218,"MRKT, WRT, EDU",
3219,"OTHR, FIN, ACCT",
3220,"ANLS, PRJM, FIN",
3221,"STRA, FIN, ANLS",
3222,"CUST, SUPL",
3223,"MRKT, STRA, OTHR",
3224,"ADM, HCPR, MGMT",
3225,"ART, DSGN, FIN",
3226,"ANLS, EDU, RSCH",
3227,"FIN, RSCH, ENG",
3228,"CNSL, RSCH, STRA",
3229,"ADVR, ART, ADM",
3230,"RSCH, MNFC, SCI",
3231,"ADM, OTHR, IT",
3232,"ADM, GENB, QA",
3233,"FIN, ENG, IT",
3234,"ADM, ENG",
3235,"ADM, GENB, WRT",
3236,"PROD, SCI",
3237,"PROD, SCI, SUPL",
3238,"ADVR, PRJM, MRKT",
3239,"MRKT, PRDM, OTHR",
3240,"ACCT, ADM, PRJM",
3241,"MGMT, STRA, IT",
3242,"HR, OTHR, ADM",
3243,"ENG, MGMT, SUPL",
3244,"ANLS, OTHR, FIN",
3245,"ADM, MGMT, IT",
3246,"MRKT, PRJM, SALE",
3247,"GENB, HCPR",
3248,"CUST, PRJM, RSCH",
3249,"ACCT, ADM, QA",
3250,"HR, GENB, BD",
3251,"EDU, OTHR, TRNG",
3252,"MRKT, PRJM, BD",
3253,"ANLS, ADM, MGMT",
3254,"SALE, BD, ACCT",
3255,"ENG, OTHR, MNFC",
3256,"ADVR, ANLS, PRJM",
3257,"BD, CNSL, GENB",
3258,"RSCH, QA, SCI",
3259,"IT, LGL, SCI",
3260,"PRDM, MNFC, PRJM",
3261,"IT, QA, ENG",
3262,"QA, PRJM",
3263,"CNSL, CUST, RSCH",
3264,"MGMT, OTHR, HCPR",
3265,"PRCH, MNFC, SUPL",
3266,"SALE, PRDM, PRCH",
3267,"LGL, ADM, GENB",
3268,"CUST, DIST, DSGN",
3269,"FIN, PROD, SALE",
3270,"TRNG, SALE",
3271,"CNSL, BD, MNFC",
3272,"ACCT, OTHR, MNFC",
3273,"OTHR, ENG, PRJM",
3274,"HCPR, OTHR, CUST",
3275,"DIST, CUST, SALE",
3276,"STRA, MRKT, ANLS",
3277,"EDU, SCI",
3278,"MRKT, BD, ART",
3279,"PRJM, STRA, ADVR",
3280,"LGL, GENB, HR",
3281,"OTHR, ENG, MGMT",
3282,"GENB, IT, ENG",
3283,"CUST, SALE, QA",
3284,"CUST, ADM, PR",
3285,"ANLS, RSCH, ACCT",
3286,"MNFC, ENG, STRA",
3287,"IT, MGMT, DSGN",
3288,"CNSL, IT, LGL",
3289,"MGMT, PRJM, GENB",
3290,"SUPL, STRA, PROD",
3291,"CUST, IT, OTHR",
3292,"DSGN, TRNG, IT",
3293,"CUST, SALE, OTHR",
3294,"MGMT, PRJM, FIN",
3295,"GENB, STRA, MRKT",
3296,"BD, IT, SALE",
3297,"QA, CNSL, IT",
3298,"SCI, RSCH, HCPR",
3299,"ADVR, SALE, MRKT",
3300,"SALE, FIN, DIST",
3301,"GENB, BD, FIN",
3302,"SALE, BD, EDU",
3303,"RSCH, ANLS, SCI",
3304,"ENG, CUST, OTHR",
3305,"IT, FIN, ANLS",
3306,"RSCH, MRKT, CNSL",
3307,"QA, TRNG",
3308,"TRNG, ADM, HR",
3309,"MRKT, PRJM, DSGN",
3310,"IT, DSGN, STRA",
3311,"SALE, DIST, OTHR",
3312,"MGMT, CNSL, IT",
3313,"DIST, SALE, MRKT",
3314,"PRDM, STRA, CNSL",
3315,"LGL, STRA, CNSL",
3316,"ACCT, IT, QA",
3317,"GENB, MGMT, MNFC",
3318,"GENB, ANLS, MRKT",
3319,"GENB, OTHR, PRDM",
3320,"GENB, OTHR, HR",
3321,"GENB, PRJM, MGMT",
3322,"ANLS, RSCH, GENB",
3323,"FIN, GENB",
3324,"OTHR, MRKT, GENB",
3325,"GENB, HCPR, ADM",
3326,"PRDM, PRJM, OTHR",
3327,"EDU, HCPR, OTHR",
3328,"EDU, STRA, MGMT",
3329,"LGL, WRT, ADM",
3330,"CUST, BD, OTHR",
3331,"SCI, ANLS, LGL",
3332,"CUST, FIN, HR",
3333,"CNSL, ENG, CUST",
3334,"BD, MRKT, MNFC",
3335,"ADM, ACCT, GENB",
3336,"LGL, ADM, ACCT",
3337,"BD, PRDM",
3338,"OTHR, BD, CNSL",
3339,"QA, MNFC, ANLS",
3340,"ENG, STRA, OTHR",
3341,"GENB, CUST, QA",
3342,"SUPL, ADM, CUST",
3343,"ACCT, CUST, GENB",
3344,"ADVR, ANLS, OTHR",
3345,"MGMT, OTHR, ANLS",
3346,"MGMT, STRA, SUPL",
3347,"MGMT, ADM, MNFC",
3348,"FIN, RSCH, IT",
3349,"IT, ANLS, PRDM",
3350,"IT, CNSL, MGMT",
3351,"MRKT, SALE, BD",
3352,"IT, RSCH, ENG",
3353,"CNSL, ENG, BD",
3354,"CUST, ADVR, MRKT",
3355,"SALE, CUST, SUPL",
3356,"MNFC, PROD, PRJM",
3357,"ANLS, GENB",
3358,"MGMT, MNFC, ADVR",
3359,"BD, FIN, MGMT",
3360,"MGMT, DIST, MNFC",
3361,"MGMT, ADVR, CUST",
3362,"BD, OTHR, MGMT",
3363,"CNSL, OTHR, FIN",
3364,"IT, ENG, PRDM",
3365,"OTHR, ANLS, ENG",
3366,"ENG, HCPR",
3367,"PRJM, ACCT, FIN",
3368,"CUST, MRKT, MGMT",
3369,"TRNG, MRKT, SALE",
3370,"ANLS, ENG, GENB",
3371,"PROD, MGMT, DIST",
3372,"LGL, WRT, RSCH",
3373,"ADM, ART, CUST",
3374,"PRJM, LGL, OTHR",
3375,"HR, BD, STRA",
3376,"SUPL, PRDM, MGMT",
3377,"WRT, RSCH, LGL",
3378,"IT, DSGN, BD",
3379,"CUST, MNFC, OTHR",
3380,"SCI, QA, PROD",
3381,"CNSL, EDU, HR",
3382,"MRKT, ART, HCPR",
3383,"CNSL, PRDM, PRJM",
3384,"DSGN, IT, ANLS",
3385,"FIN, MRKT, SALE",
3386,"ACCT, IT, ADM",
3387,"SUPL, STRA, FIN",
3388,"PRDM, PRJM, STRA",
3389,"PRJM, HR, BD",
3390,"ENG, MNFC, CNSL",
3391,"MRKT, SALE, MNFC",
3392,"ADM, ACCT, STRA",
3393,"FIN, ACCT, BD",
3394,"HR, STRA, MGMT",
3395,"CUST, QA, PRJM",
3396,"MRKT, RSCH, BD",
3397,"TRNG, ANLS, IT",
3398,"DIST, MNFC, QA",
3399,"RSCH, MRKT",
3400,"ENG, STRA, BD",
3401,"MGMT, BD, IT",
3402,"MRKT, MNFC, ADVR",
3403,"BD, FIN, CUST",
3404,"ANLS, IT, BD",
3405,"BD, WRT, CNSL",
3406,"ANLS, ACCT, PRJM",
3407,"PR, HR, ANLS",
3408,"IT, CUST, SALE",
3409,"PRDM, PROD, MNFC",
3410,"SCI, CUST, OTHR",
3411,"CUST, IT, SALE",
3412,"ACCT, ANLS, PRJM",
3413,"MGMT, HCPR, CUST",
3414,"PROD, ADM, SALE",
3415,"PRDM, PRJM, DSGN",
3416,"ADVR, SUPL, DIST",
3417,"WRT, BD, CNSL",
3418,"PRJM, STRA, TRNG",
3419,"PR, ADM, OTHR",
3420,"MGMT, MRKT, PRJM",
3421,"PRJM, SALE, STRA",
3422,"ADM, ADVR, ART",
3423,"SCI, ANLS, OTHR",
3424,"MNFC, PRJM",
3425,"ENG, MNFC, BD",
3426,"HR, IT, FIN",
3427,"CNSL, TRNG",
3428,"MNFC, PROD, PRDM",
3429,"CNSL, PR, PRJM",
3430,"HCPR, STRA",
3431,"SUPL, PRCH, BD",
3432,"ADM, DSGN, TRNG",
3433,"BD, ANLS, FIN",
3434,"TRNG, CUST, WRT",
3435,"DSGN, ENG, SCI",
3436,"IT, DSGN, OTHR",
3437,"BD, SUPL, ADM",
3438,"MNFC, RSCH, PROD",
3439,"CNSL, BD, ADM",
3440,"BD, HR, CNSL",
3441,"IT, CUST, PRJM",
3442,"PRDM, MNFC, ENG",
3443,"GENB, HR, OTHR",
3444,"CNSL, ACCT, FIN",
3445,"PRCH, SUPL, DIST",
3446,"ADM, ANLS, WRT",
3447,"OTHR, ADM, MNFC",
3448,"MNFC, QA, SCI",
3449,"HCPR, QA, CUST",
3450,"OTHR, CNSL, IT",
3451,"FIN, BD, CNSL",
3452,"ADM, FIN, STRA",
3453,"MNFC, DIST",
3454,"ENG, IT, STRA",
3455,"RSCH, PROD, SCI",
3456,"ANLS, RSCH, STRA",
3457,"PRJM, MGMT, GENB",
3458,"MRKT, STRA, BD",
3459,"ENG, DSGN, STRA",
3460,"ADVR, BD, MGMT",
3461,"PRJM, PR",
3462,"HR, GENB",
3463,"QA, ANLS, BD",
3464,"ACCT, IT, CNSL",
3465,"IT, HCPR, ENG",
3466,"STRA, ART, PRJM",
3467,"SCI, CNSL, RSCH",
3468,"ENG, WRT, STRA",
3469,"ANLS, BD, CNSL",
3470,"LGL, WRT, STRA",
3471,"MGMT, ADM, HCPR",
3472,"RSCH, CNSL",
3473,"CUST, ADM, SUPL",
3474,"BD, PR, STRA",
3475,"IT, HCPR, STRA",
3476,"ANLS, IT, MNFC",
3477,"ANLS, ENG, FIN",
3478,"BD, IT, TRNG",
3479,"ACCT, ADM, LGL",
3480,"MGMT, OTHR, PROD",
3481,"ANLS, IT, PRDM",
3482,"DSGN, IT, MGMT",
3483,"OTHR, RSCH, SCI",
3484,"ADM, WRT, HR",
3485,"PRDM, TRNG, STRA",
3486,"ADVR, CUST, MRKT",
3487,"QA, SCI, PRDM",
3488,"CUST, DSGN",
3489,"DSGN, EDU, CNSL",
3490,"SALE, ACCT, SUPL",
3491,"BD, PRJM, OTHR",
3492,"BD, GENB, ANLS",
3493,"ANLS, LGL, SUPL",
3494,"ACCT, CNSL, ANLS",
3495,"MGMT, WRT, MRKT",
3496,"ADM, PRDM, MGMT",
3497,"ENG, PRJM, SCI",
3498,"SALE, PRDM, CUST",
3499,"CUST, FIN, RSCH",
3500,"MGMT, TRNG, PRJM",
3501,"CUST, PRJM",
3502,"MNFC, DSGN, ENG",
3503,"SALE, DIST, SUPL",
3504,"PRJM, ENG, ADM",
3505,"EDU, TRNG, WRT",
3506,"PRDM, MRKT, STRA",
3507,"ENG, MGMT, GENB",
3508,"MNFC, STRA",
3509,"FIN, MNFC",
3510,"PRCH, CNSL",
3511,"CUST, BD",
3512,"SALE, STRA, PRJM",
3513,"ANLS, ENG, QA",
3514,"CUST, BD, SUPL",
3515,"DIST, GENB, PRDM",
3516,"SALE, ADM, GENB",
3517,"BD, ENG, SCI",
3518,"BD, MNFC, CNSL",
3519,"OTHR, SUPL, QA",
3520,"SALE, MRKT, DSGN",
3521,"OTHR, ANLS, MGMT",
3522,"ENG, RSCH, FIN",
3523,"PROD, DIST, SUPL",
3524,"BD, MGMT, ANLS",
3525,"MGMT, MNFC, STRA",
3526,"FIN, MGMT, STRA",
3527,"DIST, MNFC, PRCH",
3528,"PRJM, IT, HR",
3529,"DSGN, ENG, ACCT",
3530,"MGMT, CNSL, PRJM",
3531,"CUST, FIN, BD",
3532,"HR, MGMT, EDU",
3533,"FIN, BD, MGMT",
3534,"HR, STRA, SALE",
3535,"STRA, PROD, FIN",
3536,"ADM, MGMT, GENB",
3537,"HR, ENG, OTHR",
3538,"MGMT, CUST, ENG",
3539,"PRDM, SCI",
3540,"MGMT, DIST, IT",
3541,"PRJM, IT, QA",
3542,"STRA, DSGN",
3543,"SCI, RSCH, IT",
3544,"ADM, CNSL, STRA",
3545,"CUST, BD, EDU",
3546,"DSGN, ADVR, IT",
3547,"SUPL, PRCH, MGMT",
3548,"ACCT, SALE, FIN",
3549,"SCI, PROD, MGMT",
3550,"MGMT, PRJM, HR",
3551,"FIN, ANLS, WRT",
3552,"ADM, CUST, SUPL",
3553,"ANLS, DSGN, ACCT",
3554,"MGMT, BD, LGL",
3555,"MRKT, PR, CUST",
3556,"MGMT, SALE, MRKT",
3557,"MNFC, STRA, SCI",
3558,"ANLS, IT, MRKT",
3559,"CUST, ADVR, MGMT",
3560,"FIN, ENG, RSCH",
3561,"CUST, OTHR, ENG",
3562,"MGMT, EDU, FIN",
3563,"PRJM, BD, CNSL",
3564,"ADM, FIN, GENB",
3565,"SUPL, CUST, ANLS",
3566,"DSGN, BD, CNSL",
3567,"IT, ENG, GENB",
3568,"PRJM, ART, BD",
3569,"ADM, DIST, MNFC",
3570,"PRJM, IT, ACCT",
3571,"MNFC, PRDM, SALE",
3572,"CUST, ADM, SCI",
3573,"PRJM, FIN, STRA",
3574,"STRA, MRKT, PRJM",
3575,"HCPR, QA, STRA",
3576,"ADM, WRT",
3577,"ENG, OTHR, SCI",
3578,"SALE, SUPL, BD",
3579,"SUPL, PRJM, STRA",
3580,"ADM, RSCH",
3581,"LGL, GENB, CUST",
3582,"ACCT, OTHR, ENG",
3583,"SUPL, CUST, QA",
3584,"ADM, BD, PRJM",
3585,"CUST, HCPR, PRJM",
3586,"MGMT, IT, RSCH",
3587,"MGMT, PRDM, PRJM",
3588,"ACCT, SUPL",
3589,"DSGN, ENG, STRA",
3590,"BD, MNFC, STRA",
3591,"MNFC, RSCH",
3592,"IT, ANLS, CUST",
3593,"ART, IT",
3594,"QA, TRNG, ADM",
3595,"ANLS, ACCT, MGMT",
3596,"SALE, HR, BD",
3597,"GENB, CUST, IT",
3598,"IT, MRKT, CNSL",
3599,"ADM, LGL, MGMT",
3600,"PR, GENB",
3601,"PROD, MNFC, SCI",
3602,"ACCT, FIN, BD",
3603,"MGMT, MNFC, RSCH",
3604,"SALE, CUST, ENG",
3605,"LGL, BD, MGMT",
3606,"PRJM, DSGN, STRA",
3607,"IT, ANLS, STRA",
3608,"STRA, MNFC, MGMT",
3609,"MRKT, RSCH, SALE",
3610,"QA, BD, PRJM",
3611,"EDU, ADM, STRA",
3612,"MRKT, CUST, STRA",
3613,"PRJM, CNSL, QA",
3614,"MNFC, PRCH, SUPL",
3615,"SCI, QA, PRJM",
3616,"RSCH, OTHR, SCI",
3617,"DSGN, ENG, PRDM",
3618,"OTHR, CNSL, ENG",
3619,"HCPR, IT, RSCH",
3620,"IT, MGMT, PRDM",
3621,"MGMT, ENG, PRJM",
3622,"ADM, MRKT, DSGN",
3623,"STRA, IT, CNSL",
3624,"SUPL, ANLS",
3625,"ADM, PRJM, SCI",
3626,"IT, ADM, CNSL",
3627,"IT, BD, ADM",
3628,"GENB, CUST, PRJM",
3629,"STRA, TRNG, OTHR",
3630,"ANLS, BD, OTHR",
3631,"FIN, ENG",
3632,"ADVR, FIN, MRKT",
3633,"BD, CUST, GENB",
3634,"MNFC, OTHR, ENG",
3635,"STRA, ANLS, MRKT",
3636,"DSGN, PRDM, ENG",
3637,"SCI, EDU, RSCH",
3638,"BD, EDU, TRNG",
3639,"PRJM, CUST, SALE",
3640,"LGL, QA, HR",
3641,"SUPL, PRJM, PRDM",
3642,"MNFC, SCI, QA",
3643,"STRA, PROD",
3644,"BD, MRKT, PR",
3645,"ENG, QA, PROD",
3646,"PRJM, ACCT, LGL",
3647,"FIN, PROD",
3648,"SCI, STRA, RSCH",
3649,"QA, PRJM, ACCT",
3650,"PRJM, MRKT, IT",
3651,"PR, BD, PRJM",
3652,"FIN, CNSL, ANLS",
3653,"ENG, STRA, PRJM",
3654,"MNFC, IT, GENB",
3655,"STRA, HR, MGMT",
3656,"GENB, PRCH",
3657,"RSCH, PROD",
3658,"FIN, SCI, RSCH",
3659,"LGL, FIN, OTHR",
3660,"OTHR, CUST, HCPR",
3661,"LGL, HCPR",
3662,"BD, STRA, FIN",
3663,"DSGN, QA",
3664,"IT, QA, CNSL",
3665,"EDU, CUST, BD",
3666,"WRT, ART, PRJM",
3667,"BD, HR, STRA",
3668,"ADM, MGMT, CUST",
3669,"EDU, GENB, SALE",
3670,"WRT, MNFC",
3671,"ENG, DSGN, SCI",
3672,"SUPL, OTHR, DSGN",
3673,"PRJM, DSGN, PROD",
3674,"OTHR, PRJM, QA",
3675,"ANLS, PRJM, QA",
3676,"MNFC, PRJM, IT",
3677,"LGL, ADM, IT",
3678,"QA, ENG, PRJM",
3679,"EDU, MGMT, RSCH",
3680,"ENG, CUST, IT",
3681,"ADVR, DSGN, OTHR",
3682,"EDU, HCPR, TRNG",
3683,"EDU, RSCH",
3684,"FIN, SALE, IT",
3685,"ANLS, FIN, PRJM",
3686,"PRJM, PROD, CNSL",
3687,"PRJM, MGMT, ANLS",
3688,"RSCH, CNSL, CUST",
3689,"PROD, MRKT",
3690,"QA, ANLS, ENG",
3691,"ACCT, ADM, PRCH",
3692,"ENG, SCI, CUST",
3693,"ACCT, FIN, SALE",
3694,"MNFC, MGMT, QA",
3695,"IT, STRA, PRJM",
3696,"DIST, SALE, BD",
3697,"PRDM, STRA, BD",
3698,"LGL, BD, ADM",
3699,"ADM, ANLS, MGMT",
3700,"PROD, PRJM",
3701,"MGMT, SUPL, STRA",
3702,"MRKT, IT, ENG",
3703,"IT, STRA, HCPR",
3704,"ADM, STRA, RSCH",
3705,"BD, LGL, RSCH",
3706,"ADM, STRA, PRJM",
3707,"BD, SCI",
3708,"HR, ADM, HCPR",
3709,"MGMT, SALE, GENB",
3710,"SCI, RSCH, QA",
3711,"STRA, ADVR, MGMT",
3712,"MGMT, PRJM, ANLS",
3713,"ADM, MNFC, SALE",
3714,"STRA, ENG",
3715,"PRJM, GENB, TRNG",
3716,"ADM, ADVR, ACCT",
3717,"ANLS, CNSL, SCI",
3718,"FIN, ANLS, IT",
3719,"HR, BD, TRNG",
3720,"ANLS, ADM, FIN",
3721,"FIN, ACCT, PRCH",
3722,"CUST, LGL",
3723,"MRKT, ADM, IT",
3724,"PR, STRA, ADVR",
3725,"IT, CNSL, CUST",
3726,"PRJM, ART, IT",
3727,"STRA, MRKT, PRDM",
3728,"ADM, ENG, OTHR",
3729,"CNSL, LGL, GENB",
3730,"HCPR, MGMT, CUST",
3731,"HCPR, RSCH, CUST",
3732,"IT, STRA, ADM",
3733,"BD, MGMT, DIST",
3734,"EDU, CNSL, IT",
3735,"ANLS, ADM, PRJM",
3736,"ENG, SCI, RSCH",
3737,"ADM, IT, HCPR",
3738,"GENB, HR, IT",
3739,"PRCH, PRDM, MNFC",
3740,"ADM, ACCT, IT",
3741,"ADM, HR, ANLS",
3742,"IT, OTHR, STRA",
3743,"ADM, BD, HR",
3744,"ACCT, IT, MNFC",
3745,"ENG, SUPL, ANLS",
3746,"LGL, RSCH, ANLS",
3747,"ADM, ANLS, OTHR",
3748,"CNSL, ACCT",
3749,"ADM, PROD, GENB",
3750,"GENB, OTHR, CUST",
3751,"ADM, MRKT, PRJM",
3752,"RSCH, PR, ANLS",
3753,"BD, CNSL, LGL",
3754,"TRNG, CUST, SALE",
3755,"ADM, HR, IT",
3756,"CUST, ADVR",
3757,"MRKT, ART, TRNG",
3758,"ADM, EDU, TRNG",
3759,"ANLS, IT, QA",
3760,"IT, SCI, RSCH",
3761,"PRJM, OTHR, CNSL",
3762,"QA, ADM, OTHR",
3763,"CNSL, ACCT, PRJM",
3764,"QA, ACCT, MGMT",
3765,"CUST, PR, SALE",
3766,"PRJM, CNSL, BD",
3767,"FIN, ENG, PRJM",
3768,"PRJM, DSGN, MGMT",
3769,"CNSL, EDU",
3770,"STRA, SALE",
3771,"GENB, PRJM, OTHR",
3772,"IT, SUPL, CNSL",
3773,"TRNG, ADM",
3774,"DIST, IT",
3775,"ADM, PROD, PRJM",
3776,"MNFC, ADM",
3777,"EDU, ADM, HR",
3778,"PR, PRJM",
3779,"FIN, ADM, CUST",
3780,"TRNG, ART",
3781,"FIN, CUST, ADM",
3782,"ENG, RSCH, PRJM",
3783,"MGMT, PRJM, SUPL",
3784,"ACCT, WRT, MGMT",
3785,"STRA, RSCH, BD",
3786,"PRJM, CNSL, SUPL",
3787,"SALE, MRKT, FIN",
3788,"SALE, FIN, MRKT",
3789,"LGL, RSCH, ADM",
3790,"LGL, FIN, WRT",
3791,"IT, ENG, QA",
